# Pathway	ERR3980584_Qual_Filt_Abundance-CPM	ERR3980585_Qual_Filt_Abundance-CPM	ERR3980586_Qual_Filt_Abundance-CPM	ERR3980587_Qual_Filt_Abundance-CPM	ERR3980588_Qual_Filt_Abundance-CPM	ERR3980589_Qual_Filt_Abundance-CPM	ERR3980590_Qual_Filt_Abundance-CPM	ERR3980591_Qual_Filt_Abundance-CPM	ERR3980592_Qual_Filt_Abundance-CPM	ERR3980593_Qual_Filt_Abundance-CPM	ERR3980594_Qual_Filt_Abundance-CPM	ERR3980595_Qual_Filt_Abundance-CPM
UNMAPPED	730925	813235	813338	721241	736503	837841	427682	452088	475031	509271	473569	543602
UNINTEGRATED	261389	181826	181263	270272	257031	157048	570184	545767	523898	479655	514258	447367
UNINTEGRATED|g__Alexandrium.s__Alexandrium_andersonii__327968	0	0	0	0	6924.88	342.835	0	0	0	0	0	0
UNINTEGRATED|g__Alexandrium.s__Alexandrium_catenella__2925	92.1931	122.908	4.95493	61.9262	351.663	62.849	88.9523	9.71099	0	49.9032	0	128.651
UNINTEGRATED|g__Alexandrium.s__Alexandrium_margalefii__109239	640.447	2098.53	5836.58	1413.75	1415.66	4926.44	63.2509	666.998	92.1739	469.855	0	91.5544
UNINTEGRATED|g__Ammonia.s__Ammonia_sp.__43993	165.872	27.0659	6953.4	0	0	0	0	0	0	0	0	150.869
UNINTEGRATED|g__Amphidinium.s__Amphidinium_carterae__2961	0	339.901	0	79.4633	219.145	0	0	0	0	44.8549	0	0
UNINTEGRATED|g__Amphiprora.s__Amphiprora_paludosa__265537	3365.42	0	0	51.8162	604.831	0	0	0	0	0	806.902	0
UNINTEGRATED|g__Amphiprora.s__Amphiprora_sp.__2608610	177.832	0	0	4.22885	2.68998	0	0	0	0	0	87.7745	0
UNINTEGRATED|g__Aplanochytrium.s__Aplanochytrium_sp.__2100755	0	1758.59	2627.21	0	0	0	0	0	0	0	0	0
UNINTEGRATED|g__Aplanochytrium.s__Aplanochytrium_stocchinoi__215587	0	0	1483.64	0	0	0	0	0	0	0	0	0
UNINTEGRATED|g__Apocalathium.s__Apocalathium_aciculiferum__268820	234.735	205.038	1056.92	1119.48	1795.93	644.208	137.034	113.817	0	163.931	0	165.221
UNINTEGRATED|g__Asterionella.s__Asterionella_formosa__210441	12.7761	0	98.2807	31.187	306.837	0	0	0	0	41.3649	59.7851	155.88
UNINTEGRATED|g__Asterionellopsis.s__Asterionellopsis_glacialis__33640	57.839	0	0	31.5907	940.952	327.215	113.683	0	0	733.401	298.585	127.257
UNINTEGRATED|g__Astrosyne.s__Astrosyne_radiata__1158023	0	0	167.479	0	0	0	0	0	0	0	0	1622.74
UNINTEGRATED|g__Attheya.s__Attheya_septentrionalis__420275	131.958	202.367	562.432	559.434	371.163	273.262	82.8444	281.019	0	320.467	633.896	496.683
UNINTEGRATED|g__Aulacoseira.s__Aulacoseira_subarctica__202472	0	0	0	866.763	30.07	0	0	12.6795	0	251.252	240.535	35.0169
UNINTEGRATED|g__Azadinium.s__Azadinium_spinosum__632150	38.4117	42.5294	318.708	99.6598	84.959	504.369	9.14664	14.9916	20.2905	14.804	0	18.7176
UNINTEGRATED|g__Blepharisma.s__Blepharisma_japonicum__5961	0	0	0	0	0	0	0	0	0	0	0	0
UNINTEGRATED|g__Chaetoceros.s__Chaetoceros_cf._neogracilis__1048532	11489.6	2298.66	3153	2440.1	4334.47	294.834	774.268	639.237	0	35438.6	19087.3	1878.51
UNINTEGRATED|g__Chaetoceros.s__Chaetoceros_debilis__122233	28563.9	775.675	1163.15	182.595	723.286	0	2523.51	1425.16	0	338.039	580.224	1012.92
UNINTEGRATED|g__Chaetoceros.s__Chaetoceros_dichaeta__420782	330.071	589.159	371.918	797.389	3244.3	153.752	917.903	2644.75	0	3173.66	1380.84	2363.55
UNINTEGRATED|g__Chattonella.s__Chattonella_subsalsa__44440	0	0	0	0	0	0	0	0	0	0	0	43.3976
UNINTEGRATED|g__Corethron.s__Corethron_hystrix__216773	600.936	192.804	2138.73	82.9007	0	0	20.665	0	0	882.686	2573.19	0
UNINTEGRATED|g__Coscinodiscus.s__Coscinodiscus_wailesii__671091	208.429	0	788.261	1468.87	573.176	0	48.4218	305.498	0	391.834	2299.79	0
UNINTEGRATED|g__Craspedostauros.s__Craspedostauros_australis__1486917	0	0	0	1058.87	363.879	0	0	0	0	0	0	0
UNINTEGRATED|g__Cyclophora.s__Cyclophora_tenuis__216820	0	0	0	455.476	0	0	0	0	0	0	0	0
UNINTEGRATED|g__Cylindrotheca.s__Cylindrotheca_closterium__2856	312.531	4615.37	1181.83	652.939	3660.61	434.104	0	195.506	0	181.241	696.894	4631.56
UNINTEGRATED|g__Dactyliosolen.s__Dactyliosolen_fragilissimus__1118495	5097.36	758.401	3167.01	2212.49	633.381	0	164.136	91.4194	0	328.2	415.322	343.426
UNINTEGRATED|g__Daphnia.s__Daphnia_pulex__6669	0	0	0	22248.7	34875.3	0	0	5707.72	0	0	0	0
UNINTEGRATED|g__Daphnia.s__unclassified__6668	0	0	0	0	0	0	0	0	0	0	0	0
UNINTEGRATED|g__Detonula.s__Detonula_confervacea__83371	1411.02	0	0	5628.02	637.139	0	878.561	779.754	0	34471.2	55156.2	33670
UNINTEGRATED|g__Ditylum.s__Ditylum_brightwellii__49249	16.8556	205.501	0	0	17.044	0	0	15.8083	0	40.7928	56.1223	144.267
UNINTEGRATED|g__Durinskia.s__Durinskia_baltica__400756	2662.21	3594.32	3956.93	1026.26	3966.67	2353.02	526.053	555.337	389.286	707.833	1214.26	1573.17
UNINTEGRATED|g__Eucampia.s__Eucampia_antarctica__49252	171.708	238.744	661.345	680.324	375.748	479.312	19.4999	16.3207	0	863.616	1238.92	10.5699
UNINTEGRATED|g__Eurytemora.s__Eurytemora_affinis__88015	0	0	0	0	0	0	81188.6	93093.9	96104.9	0	0	0
UNINTEGRATED|g__Extubocellulus.s__Extubocellulus_spinifer__265572	514.16	1729.79	262.921	5636.51	6063.97	3151.86	790.422	0	0	780.945	625.38	416.703
UNINTEGRATED|g__Fragilariopsis.s__Fragilariopsis_cylindrus__186039	0	0	0	0	1377.21	0	0	1.73501	0	0	0	0
UNINTEGRATED|g__Fragilariopsis.s__Fragilariopsis_kerguelensis__186038	15.8798	0	0	0	11178.9	0	0	407.874	0	4947.5	0	0
UNINTEGRATED|g__Gambierdiscus.s__Gambierdiscus_australes__439317	115.364	478.104	1218.41	930.599	1415.17	1989.07	171.191	133.258	69.3765	131.858	0	428.631
UNINTEGRATED|g__Geminigera.s__Geminigera_cryophila__46947	0	21106.6	0	0	0	0	9499.38	7272.32	0	0	0	1195.03
UNINTEGRATED|g__Geminigera.s__unclassified__46946	0	0	0	0	0	0	209.72	0	0	0	0	308.507
UNINTEGRATED|g__Gonyaulax.s__Gonyaulax_spinifera__66791	897.221	1285.85	3761.83	0	1683.31	4844.22	0	66.5894	0	0	0	0
UNINTEGRATED|g__Grammatophora.s__Grammatophora_oceanica__210454	41.7838	0	331.869	164.995	372.203	0	112.34	0	0	0	497.907	921.804
UNINTEGRATED|g__Gymnodinium.s__Gymnodinium_catenatum__39447	29.0488	143.115	268.724	37.772	55.3647	105.091	0	9.00517	0	0	0	19.8424
UNINTEGRATED|g__Helicotheca.s__Helicotheca_tamesis__374047	1.63692	0	0	58.7416	222.308	0	0	16.2033	0	1741.29	5.19962	36.6157
UNINTEGRATED|g__Heterocapsa.s__Heterocapsa_arctica__192219	3.38606	2.86302	4.35488	0	104.727	50.8557	7.50552	14.2932	16.314	0	0	16.6109
UNINTEGRATED|g__Heterocapsa.s__Heterocapsa_rotundata__89963	0	0	145.752	214.521	338.888	596.567	13.5712	10.6948	12.5216	128.949	0	10.5288
UNINTEGRATED|g__Hydrurus.s__Hydrurus_foetidus__2996	0	0	0	0	0	0	0	0	0	0	0	235.662
UNINTEGRATED|g__Karenia.s__Karenia_brevis__156230	0	0	0	0	731.137	0	0	0	0	0	0	0
UNINTEGRATED|g__Karlodinium.s__Karlodinium_veneficum__407301	0	466.542	1095.54	223.343	762.03	166.112	43.5616	0	287.494	145.389	0	0
UNINTEGRATED|g__Kryptoperidinium.s__Kryptoperidinium_foliaceum__160619	2874.44	1143.27	938.653	6591.17	7183.87	3178.61	445.789	348.732	285.073	1345.44	4480.84	617.44
UNINTEGRATED|g__Leptocylindrus.s__Leptocylindrus_danicus__163516	0	0	0	777.119	0	0	0	0	0	1211.58	78.821	0
UNINTEGRATED|g__Licmophora.s__Licmophora_paradoxa__515479	171.62	621.779	914.841	103.166	0	0	3.07831	0	0	0	0	0
UNINTEGRATED|g__Lingulodinium.s__Lingulodinium_polyedra__160621	244.197	269.42	494.088	72.5899	175.32	121.034	0	68.224	0	36.4533	0	0
UNINTEGRATED|g__Madagascaria.s__Madagascaria_erythrocladioides__753684	0	0	0	0	0	0	0	0	0	0	0	2.75731
UNINTEGRATED|g__Mesodinium.s__Mesodinium_pulex__283647	0	0	0	0	0	0	0	0	0	0	0	0
UNINTEGRATED|g__Microchloropsis.s__Microchloropsis_salina__1027361	0	0	0	0	0	0	0	0	0	0	0	13.1935
UNINTEGRATED|g__Minutocellus.s__Minutocellus_polymorphus__265543	1501.33	4587.22	4354.23	2064	120.004	418.943	3456.25	1690.62	0	2621.61	2332.97	1722.09
UNINTEGRATED|g__Nitzschia.s__Nitzschia_putrida__2742595	0	158.121	0	0	410.519	0	0	32.1545	0	0	0	0
UNINTEGRATED|g__Noctiluca.s__Noctiluca_scintillans__2966	0	0	0	0	1581.33	0	0	0	0	0	0	0
UNINTEGRATED|g__Odontella.s__Odontella_aurita__265563	36.1191	85.761	426.309	161.245	195.347	0	0	44.9528	0	166.599	270.216	76.591
UNINTEGRATED|g__Paramoeba.s__Paramoeba_aestuarina__180227	0	0	1777.81	0	0	0	0	0	0	0	0	0
UNINTEGRATED|g__Paraphysomonas.s__Paraphysomonas_bandaiensis__89770	0	422.165	0	0	0	0	843.356	0	0	0	0	0
UNINTEGRATED|g__Partenskyella.s__Partenskyella_glossopodia__552666	0	0	0	0	0	0	0	0	0	0	0	151.308
UNINTEGRATED|g__Pelagococcus.s__Pelagococcus_subviridis__35679	0	0	3794.69	0	0	0	0	0	0	0	0	0
UNINTEGRATED|g__Pelagodinium.s__unclassified__766107	75.3387	118.925	507.119	554.934	892.635	1074.04	103.43	109.968	151.023	154.119	0	55.8797
UNINTEGRATED|g__Polarella.s__Polarella_glacialis__89957	5.27357	81.514	239.14	35.5495	92.0834	53.6821	19.1818	18.1391	28.3355	1.22625	0	10.817
UNINTEGRATED|g__Proboscia.s__Proboscia_inermis__420281	0	0	0	329.411	160.309	0	0	0	0	0	0	0
UNINTEGRATED|g__Protocruzia.s__Protocruzia_adherens__223996	0	12105.6	7482.6	0	0	0	0	0	0	0	0	0
UNINTEGRATED|g__Pseudictyota.s__Pseudictyota_dubia__2749911	86.1026	184.811	184.764	1163.06	847.024	715.168	211.012	549.331	0	174.727	339.473	369.142
UNINTEGRATED|g__Pseudo-nitzschia.s__Pseudo-nitzschia_fraudulenta__183588	0	0	0	0	0	0	0	0	0	0	0	0
UNINTEGRATED|g__Pseudo-nitzschia.s__Pseudo-nitzschia_pungens__37318	0	0	0	0	471.914	0	0	0	0	0	0	0
UNINTEGRATED|g__Pseudokeronopsis.s__Pseudokeronopsis_sp.__1634380	0	0	0	0	0	0	0	0	0	0	0	2368.9
UNINTEGRATED|g__Pyrodinium.s__Pyrodinium_bahamense__73915	0	0	0	0	0	0	0	0	0	0	0	0
UNINTEGRATED|g__Salpingoeca.s__Salpingoeca_rosetta__946362	0	0	0	0	0	0	0	0	0	0	0	1348.24
UNINTEGRATED|g__Schmidingerella.s__Schmidingerella_taraikaensis__626734	12404.8	2428.15	1637.99	0	2452.62	0	0	444.56	0	0	0	0
UNINTEGRATED|g__Scrippsiella.s__Scrippsiella_trochoidea__71861	11.7182	542.445	246.642	567.58	2727.05	1181.03	0	78.3453	51.0265	213.763	0	0
UNINTEGRATED|g__Skeletonema.s__Skeletonema_japonicum__267983	0	0	0	0	0	0	0	0	0	3435.94	0	3121.23
UNINTEGRATED|g__Skeletonema.s__Skeletonema_menzelii__216823	0	0	0	441.191	91.9665	0	208.721	0	0	384.995	152.596	191.719
UNINTEGRATED|g__Stauroneis.s__Stauroneis_constricta__265584	0	0	0	1481.5	492.372	0	0	0	0	0	0	0
UNINTEGRATED|g__Stephanopyxis.s__Stephanopyxis_turris__515487	564.387	779.934	330.515	2260.1	0	1259.93	51.998	28.6333	0	105.397	630.863	1219.93
UNINTEGRATED|g__Striatella.s__Striatella_unipunctata__210618	0	66.7426	224.053	201.982	0	0	1.18775	0	0	0	0	0
UNINTEGRATED|g__Strombidinopsis.s__Strombidinopsis_sp.__181622	0	0	0	0	0	0	0	28.5429	0	0	0	0
UNINTEGRATED|g__Strombidium.s__Strombidium_inclinatum__197538	475.098	0	218.626	0	266.03	0	0	0	0	0	0	0
UNINTEGRATED|g__Strombidium.s__Strombidium_rassoulzadegani__1082188	61.506	147.086	490.718	86.8955	0	0	142.39	114.778	0	0	0	0
UNINTEGRATED|g__Stylophora.s__Stylophora_pistillata__50429	0	3237.02	0	0	0	0	0	0	0	0	0	0
UNINTEGRATED|g__Symbiodinium.s__Symbiodinium_sp.__2950	9.53104	77.302	177.336	186.583	367.212	142.057	0	0	0	0	0	0
UNINTEGRATED|g__Thalassionema.s__Thalassionema_frauenfeldii__186022	719.04	57.5748	26.796	188.067	122.523	0	39.6449	28.2263	0	28.0723	0	293.254
UNINTEGRATED|g__Thalassionema.s__Thalassionema_nitzschioides__33649	0	0	0	161.939	0	0	0	0	0	0	0	0
UNINTEGRATED|g__Thalassiosira.s__Thalassiosira_antarctica__160265	0	1428.43	0	3691.84	0	0	0	0	0	41563.5	75152.7	65813.7
UNINTEGRATED|g__Thalassiosira.s__Thalassiosira_oceanica__159749	0	0	0	164571	0	0	7583.57	0	0	238962	411652	114476
UNINTEGRATED|g__Thalassiosira.s__Thalassiosira_punctigera__265564	258.018	179.713	93.8991	16740.9	150.465	935.413	538.593	448.198	0	36220.3	98033.9	18549.7
UNINTEGRATED|g__Thalassiosira.s__Thalassiosira_rotula__49265	2317.74	0	0	13637.6	0	0	186.07	0	0	13426	29399.6	1249.2
UNINTEGRATED|g__Thalassiosira.s__Thalassiosira_sp.__1891026	0	278.409	0	3467.54	45.8003	0	398.994	256.468	0	1731.68	1957.12	4345.7
UNINTEGRATED|g__Thalassiothrix.s__Thalassiothrix_antarctica__1049557	0	0	57.4802	27.9765	68.9857	5.72058	58.7165	32.3289	0	116.128	19.8384	33.7932
UNINTEGRATED|g__Thraustochytrium.s__Thraustochytrium_sp.__145168	0	383.171	208.151	0	0	0	0	0	0	0	0	0
UNINTEGRATED|g__Togula.s__Togula_jolla__285029	0	0	0	72.4815	0	55.2873	0	0	0	0	0	0
UNINTEGRATED|g__Trieres.s__Trieres_chinensis__1514140	367.534	30.7795	244.753	159.64	172.908	893.18	0	145.281	0	106.017	86.0464	125.303
UNINTEGRATED|g__Tripos.s__Tripos_fusus__2916	2770.94	5421.64	2636.46	0	468.23	0	0	117.041	52.1598	0	0	0
UNINTEGRATED|g__Tryblionella.s__Tryblionella_compressa__913974	0	0	0	219.087	0	0	0	0	0	0	0	0
UNINTEGRATED|g__Vaucheria.s__Vaucheria_litorea__109269	0	0	15.6736	0	0	0	0	0	0	0	0	0
UNINTEGRATED|g__unclassified.s__unclassified__200605	9428.91	5817.41	0	343.95	6195.12	0	0	934.061	4105.7	0	0	2114.59
UNINTEGRATED|g__unclassified.s__unclassified__33852	8587.44	0	0	1962.43	17372.9	0	0	1228.35	0	0	0	0
UNINTEGRATED|g__unclassified.s__unclassified__41302	0	0	0	0	0	0	9458.23	0	7296.92	0	0	0
UNINTEGRATED|g__unclassified.s__unclassified__72037	0	0	0	0	0	0	57994.7	95079	90057.3	0	0	0
ANAGLYCOLYSIS-PWY: glycolysis III (from glucose)	0	0	0	38.8691	0	0	0	0	0	0	0	57.6133
ARGININE-SYN4-PWY: L-ornithine biosynthesis II	119.173	40.5198	35.4953	82.0235	22.2839	15.2971	26.6425	16.5272	0	320.312	242.492	159.07
ARGININE-SYN4-PWY: L-ornithine biosynthesis II|g__Asterionella.s__Asterionella_formosa__210441	0	0	0	0	0	0	0	0	0	0	0	0.174115
ARGININE-SYN4-PWY: L-ornithine biosynthesis II|g__Attheya.s__Attheya_septentrionalis__420275	0	0	0.392245	0.288963	0.610254	0.108541	0.210311	0.0161728	0	1.65445	2.22102	5.8903
ARGININE-SYN4-PWY: L-ornithine biosynthesis II|g__Chaetoceros.s__Chaetoceros_cf._neogracilis__1048532	0	0.332532	1.34993	2.23791	0.856023	0	0.417293	0.136206	0	123.409	47.1451	4.76343
ARGININE-SYN4-PWY: L-ornithine biosynthesis II|g__Chaetoceros.s__Chaetoceros_dichaeta__420782	0	0	0	0.348262	0	0	0.116741	0.768005	0	0.169783	0	0
ARGININE-SYN4-PWY: L-ornithine biosynthesis II|g__Corethron.s__Corethron_hystrix__216773	0	0	0.64343	0.422606	0	0	0	0	0	0	0	0
ARGININE-SYN4-PWY: L-ornithine biosynthesis II|g__Coscinodiscus.s__Coscinodiscus_wailesii__671091	0	0	0	3.96926	2.38846	0	0	0.216715	0	0.200146	0.283742	0
ARGININE-SYN4-PWY: L-ornithine biosynthesis II|g__Cylindrotheca.s__Cylindrotheca_closterium__2856	0	0.755911	0	0	0	0	0	0	0	0	0	0
ARGININE-SYN4-PWY: L-ornithine biosynthesis II|g__Dactyliosolen.s__Dactyliosolen_fragilissimus__1118495	0	0	0	0.0436832	0.43826	0	0	0	0	0	0	0
ARGININE-SYN4-PWY: L-ornithine biosynthesis II|g__Eucampia.s__Eucampia_antarctica__49252	0	0	0.695769	2.30081	0	0.956295	0.166674	0.224566	0	0	0	0.939543
ARGININE-SYN4-PWY: L-ornithine biosynthesis II|g__Helicotheca.s__Helicotheca_tamesis__374047	0	0	0	0	2.54004	0	0	0	0	0.348068	0	0
ARGININE-SYN4-PWY: L-ornithine biosynthesis II|g__Nitzschia.s__Nitzschia_putrida__2742595	0	1.00965	0	0	0.280305	0	0	0	0	0	0	0
ARGININE-SYN4-PWY: L-ornithine biosynthesis II|g__Odontella.s__Odontella_aurita__265563	0	0	0.0530468	0	0	0	0	0	0	0.0257965	0.0263568	0.122476
ARGININE-SYN4-PWY: L-ornithine biosynthesis II|g__Pseudictyota.s__Pseudictyota_dubia__2749911	0	0	0	0	1.90222	1.32831	0	0	0	0	0	0
ARGININE-SYN4-PWY: L-ornithine biosynthesis II|g__Salpingoeca.s__Salpingoeca_rosetta__946362	0	0	0	0	0	0	0	0	0	0	0	3.59834
ARGININE-SYN4-PWY: L-ornithine biosynthesis II|g__Skeletonema.s__Skeletonema_menzelii__216823	0	0	0	2.92852	0.181699	0	0.507687	0	0	3.36146	3.70366	3.5423
ARGININE-SYN4-PWY: L-ornithine biosynthesis II|g__Thalassiosira.s__Thalassiosira_punctigera__265564	0	0.140923	0	6.95516	0.2061	0	0.453087	0.104459	0	24.3133	30.9152	30.9082
ARGININE-SYN4-PWY: L-ornithine biosynthesis II|g__Thalassiosira.s__Thalassiosira_sp.__1891026	0	0.141089	0	6.33035	0	0	0.690659	0.111345	0	9.69409	19.7527	23.0411
ARGININE-SYN4-PWY: L-ornithine biosynthesis II|g__Trieres.s__Trieres_chinensis__1514140	0	0	0	0.12487	0	0	0	0	0	0.944261	0	0.975594
ARO-PWY: chorismate biosynthesis I	17.8279	0	0	0	0	0	6.99261	6.1243	0	0	0	0
ASPASN-PWY: superpathway of L-aspartate and L-asparagine biosynthesis	0	0	0	10.254	0	0	0	0	0	38.1241	59.5694	58.6987
ASPASN-PWY: superpathway of L-aspartate and L-asparagine biosynthesis|g__Detonula.s__Detonula_confervacea__83371	0	0	0	1.59419	0	0	0	0	0	1.11769	13.7118	2.93083
ASPASN-PWY: superpathway of L-aspartate and L-asparagine biosynthesis|g__Extubocellulus.s__Extubocellulus_spinifer__265572	0	0	0	0	0	0	0	0	0	0.274434	0	0
BRANCHED-CHAIN-AA-SYN-PWY: superpathway of branched chain amino acid biosynthesis	0	0	15.2778	0	0	0	0	0	0	0	7.11627	0
CALVIN-PWY: Calvin-Benson-Bassham cycle	1196.8	421.975	158.304	702.659	278.786	354.495	38.472	54.1969	0	327.278	633.056	422.608
CALVIN-PWY: Calvin-Benson-Bassham cycle|g__Chaetoceros.s__Chaetoceros_debilis__122233	0	3.5604	1.33247	1.48765	0	0	4.36781	4.36913	0	6.28183	26.3498	1.17356
CALVIN-PWY: Calvin-Benson-Bassham cycle|g__Cylindrotheca.s__Cylindrotheca_closterium__2856	0.911332	0	0	0	0	0	0	0	0	0	0	0
CALVIN-PWY: Calvin-Benson-Bassham cycle|g__Ditylum.s__Ditylum_brightwellii__49249	0	0.217072	0	0	0	0	0	0	0	0	0	0
CALVIN-PWY: Calvin-Benson-Bassham cycle|g__Eucampia.s__Eucampia_antarctica__49252	0	1.7892	0	4.70885	0	0	0	0	0	0	0	0
CALVIN-PWY: Calvin-Benson-Bassham cycle|g__Odontella.s__Odontella_aurita__265563	3.13226	1.65528	0	1.77473	0.799561	0	0	0.622481	0	0.863068	1.59175	0.835827
CALVIN-PWY: Calvin-Benson-Bassham cycle|g__Pseudictyota.s__Pseudictyota_dubia__2749911	1.68888	0.520989	0	1.46398	1.63139	0	0.318738	0	0	0	0	0.562418
CITRULBIO-PWY: L-citrulline biosynthesis	12.5876	15.5364	29.2612	54.3423	36.2603	38.1556	20.54	25.9346	0	167.671	152.499	54.7575
COLANSYN-PWY: colanic acid building blocks biosynthesis	0	4.88772	15.8538	122.241	45.9783	11.6994	5.01822	8.80043	0	52.5965	66.3892	39.0979
COMPLETE-ARO-PWY: superpathway of aromatic amino acid biosynthesis	0	0	0	0	0	0	6.42714	5.6393	0	0	0	0
FAO-PWY: fatty acid &beta;-oxidation I (generic)	0	0	0	0	0	0	6.51928	0	0	87.3716	53.4318	49.5683
FAO-PWY: fatty acid &beta;-oxidation I (generic)|g__Detonula.s__Detonula_confervacea__83371	0	0	0	0	0	0	0	0	0	23.7931	20.2963	30.2205
GLYCOLYSIS: glycolysis I (from glucose 6-phosphate)	63.4034	0	52.5445	61.6768	93.0127	0	0	0	0	507.228	259.774	106.015
GLYCOLYSIS: glycolysis I (from glucose 6-phosphate)|g__Chaetoceros.s__Chaetoceros_cf._neogracilis__1048532	0	0	0	0	0	0	0	0	0	190.621	89.6954	19.198
GLYOXYLATE-BYPASS: glyoxylate cycle	0	0	0	0	0	0	7.1252	7.41758	0	11.0048	0	0
HEME-BIOSYNTHESIS-II-1: heme b biosynthesis V (aerobic)	26.2711	10.2062	3.18686	6.19091	27.0944	8.12868	3.34708	3.73765	0	50.0553	13.6204	34.2395
HEME-BIOSYNTHESIS-II-1: heme b biosynthesis V (aerobic)|g__Attheya.s__Attheya_septentrionalis__420275	0	0.0433487	0	0	0	0	0.393257	0	0	0.206551	0.141949	0
HEME-BIOSYNTHESIS-II-1: heme b biosynthesis V (aerobic)|g__Detonula.s__Detonula_confervacea__83371	0	0	0	0	0	0	0	0	0	16.8249	0	7.07385
HEME-BIOSYNTHESIS-II-1: heme b biosynthesis V (aerobic)|g__Eucampia.s__Eucampia_antarctica__49252	0	1.38975	0	0.822106	0.697321	0	0	0	0	0.0791068	0.129094	0
HEME-BIOSYNTHESIS-II-1: heme b biosynthesis V (aerobic)|g__Grammatophora.s__Grammatophora_oceanica__210454	0	0	0	0	0.067454	0	0	0	0	0	0.143966	1.77655
HEME-BIOSYNTHESIS-II-1: heme b biosynthesis V (aerobic)|g__Pseudictyota.s__Pseudictyota_dubia__2749911	0	1.50172	0	0	0	0	0	0	0	0	0	0
HEME-BIOSYNTHESIS-II-1: heme b biosynthesis V (aerobic)|g__Skeletonema.s__Skeletonema_japonicum__267983	0	0	0	0	0	0	0	0	0	0.475526	0	1.10402
HEME-BIOSYNTHESIS-II-1: heme b biosynthesis V (aerobic)|g__Thalassiosira.s__Thalassiosira_punctigera__265564	0	0	0	0	0	0	0	0	0	2.8933	0	1.50104
HEME-BIOSYNTHESIS-II-1: heme b biosynthesis V (aerobic)|g__Thalassiosira.s__Thalassiosira_sp.__1891026	0	0	0	0	0	0	0	0	0	2.29691	0	3.33787
HEME-BIOSYNTHESIS-II: heme b biosynthesis I (aerobic)	79.3033	14.1417	10.3486	12.6054	31.1114	10.5383	3.34708	3.73765	0	50.0553	100.894	61.8404
HEME-BIOSYNTHESIS-II: heme b biosynthesis I (aerobic)|g__Amphiprora.s__Amphiprora_paludosa__265537	0	0	0	0	0	0	0	0	0	0	0.123706	0
HEME-BIOSYNTHESIS-II: heme b biosynthesis I (aerobic)|g__Asterionellopsis.s__Asterionellopsis_glacialis__33640	0	0	0	0	0.341611	0	0	0	0	0	0	0
HEME-BIOSYNTHESIS-II: heme b biosynthesis I (aerobic)|g__Attheya.s__Attheya_septentrionalis__420275	0	0.0433487	0	0	0	0	0.393257	0	0	0.206551	0.141949	0
HEME-BIOSYNTHESIS-II: heme b biosynthesis I (aerobic)|g__Chaetoceros.s__Chaetoceros_cf._neogracilis__1048532	3.67889	0.473529	0	0	1.07562	0	0.324763	0	0	7.21783	4.64422	0
HEME-BIOSYNTHESIS-II: heme b biosynthesis I (aerobic)|g__Chaetoceros.s__Chaetoceros_debilis__122233	54.2141	4.89852	0	0.992526	0.793172	0	2.28936	0	0	0.17694	0.552468	0
HEME-BIOSYNTHESIS-II: heme b biosynthesis I (aerobic)|g__Corethron.s__Corethron_hystrix__216773	0	1.58811	0	0	0	0	0	0	0	0	0	0
HEME-BIOSYNTHESIS-II: heme b biosynthesis I (aerobic)|g__Detonula.s__Detonula_confervacea__83371	0	0	0	0	0	0	0	0	0	16.9045	27.317	16.5366
HEME-BIOSYNTHESIS-II: heme b biosynthesis I (aerobic)|g__Durinskia.s__Durinskia_baltica__400756	1.85549	0.210421	0	0	0	0	0	0	0	0	0	0
HEME-BIOSYNTHESIS-II: heme b biosynthesis I (aerobic)|g__Eucampia.s__Eucampia_antarctica__49252	0	1.38975	0	0.822106	0.697321	0	0	0	0	0.0791068	0.129094	0
HEME-BIOSYNTHESIS-II: heme b biosynthesis I (aerobic)|g__Extubocellulus.s__Extubocellulus_spinifer__265572	0	0.228127	0	0	0	0	0	0	0	0	0	0
HEME-BIOSYNTHESIS-II: heme b biosynthesis I (aerobic)|g__Grammatophora.s__Grammatophora_oceanica__210454	0	0	0	0.313337	0.271296	0	0	0	0	0	0.143966	1.77655
HEME-BIOSYNTHESIS-II: heme b biosynthesis I (aerobic)|g__Odontella.s__Odontella_aurita__265563	0.261318	0	0	0	0.176902	0	0	0	0	0.398015	0.387062	0
HEME-BIOSYNTHESIS-II: heme b biosynthesis I (aerobic)|g__Pseudictyota.s__Pseudictyota_dubia__2749911	0	1.50172	0	0	0	0	0	0	0	0.195041	0	0
HEME-BIOSYNTHESIS-II: heme b biosynthesis I (aerobic)|g__Skeletonema.s__Skeletonema_japonicum__267983	0	0	0	0	0	0	0	0	0	0.475526	0	1.10402
HEME-BIOSYNTHESIS-II: heme b biosynthesis I (aerobic)|g__Thalassiosira.s__Thalassiosira_punctigera__265564	0	0	0	1.07682	0	0	0	0	0	2.8933	0.917032	2.13433
HEME-BIOSYNTHESIS-II: heme b biosynthesis I (aerobic)|g__Thalassiosira.s__Thalassiosira_rotula__49265	0	0	0	0	0	0	0	0	0	3.7309	11.5077	15.9397
HEME-BIOSYNTHESIS-II: heme b biosynthesis I (aerobic)|g__Thalassiosira.s__Thalassiosira_sp.__1891026	0	0	0	0	0	0	0	0	0	2.29691	0	3.33787
HEME-BIOSYNTHESIS-II: heme b biosynthesis I (aerobic)|g__Trieres.s__Trieres_chinensis__1514140	0.28803	0	0	0	0	0	0	0	0	0	0	0
HSERMETANA-PWY: L-methionine biosynthesis III	72.2501	0	0	0	31.155	61.4424	0	6.53357	0	45.7358	15.3299	0
HSERMETANA-PWY: L-methionine biosynthesis III|g__Alexandrium.s__Alexandrium_catenella__2925	0	0	0	0	7.56712	0	0	0	0	0	0	0
HSERMETANA-PWY: L-methionine biosynthesis III|g__Gambierdiscus.s__Gambierdiscus_australes__439317	0	0	0	0	2.11455	0	0	0	0	0	0	0
HSERMETANA-PWY: L-methionine biosynthesis III|g__Heterocapsa.s__Heterocapsa_arctica__192219	0	0	0	0	1.74387	0	0	0	0	0	0	0
HSERMETANA-PWY: L-methionine biosynthesis III|g__Noctiluca.s__Noctiluca_scintillans__2966	0	0	0	0	0.628159	0	0	0	0	0	0	0
ILEUSYN-PWY: L-isoleucine biosynthesis I (from threonine)	0	0	15.2061	0	0	0	0	0	0	0	6.156	0
LIPASYN-PWY: phospholipases	0	0	0	0	0	0	0	0	61.7213	0	0	0
LIPASYN-PWY: phospholipases|g__unclassified.s__unclassified__72037	0	0	0	0	0	0	0	0	40.3932	0	0	0
NONOXIPENT-PWY: pentose phosphate pathway (non-oxidative branch) I	234.056	154.471	90.8115	467.22	111.523	92.2226	22.3663	24.4423	0	429.052	1272.64	607.129
NONOXIPENT-PWY: pentose phosphate pathway (non-oxidative branch) I|g__Aplanochytrium.s__Aplanochytrium_stocchinoi__215587	0	0	7.06013	0	0	0	0	0	0	0	0	0
NONOXIPENT-PWY: pentose phosphate pathway (non-oxidative branch) I|g__Attheya.s__Attheya_septentrionalis__420275	0	0	0	0	0	0	0	0	0	0	0	2.94542
NONOXIPENT-PWY: pentose phosphate pathway (non-oxidative branch) I|g__Chaetoceros.s__Chaetoceros_debilis__122233	11.0168	0	0	0	0	0	0	1.30703	0	0	0	0
NONOXIPENT-PWY: pentose phosphate pathway (non-oxidative branch) I|g__Corethron.s__Corethron_hystrix__216773	0	0.621723	1.84853	0	0	0	0	0	0	0.429348	0	0
NONOXIPENT-PWY: pentose phosphate pathway (non-oxidative branch) I|g__Coscinodiscus.s__Coscinodiscus_wailesii__671091	0	0	0	0.841396	0	0	0	0	0	0	0	0
NONOXIPENT-PWY: pentose phosphate pathway (non-oxidative branch) I|g__Dactyliosolen.s__Dactyliosolen_fragilissimus__1118495	0	3.14429	0	1.14731	0	0	0	0	0	0.547978	0	0
NONOXIPENT-PWY: pentose phosphate pathway (non-oxidative branch) I|g__Eucampia.s__Eucampia_antarctica__49252	0	0	0	2.45062	0	0	0	0	0	0	0	0
NONOXIPENT-PWY: pentose phosphate pathway (non-oxidative branch) I|g__Licmophora.s__Licmophora_paradoxa__515479	0	0	0	0.410704	0	0	0	0	0	0	0	0
NONOXIPENT-PWY: pentose phosphate pathway (non-oxidative branch) I|g__Odontella.s__Odontella_aurita__265563	0	2.06569	3.64758	3.14299	2.52047	0	0	0	0	0	0.883028	0
NONOXIPENT-PWY: pentose phosphate pathway (non-oxidative branch) I|g__Proboscia.s__Proboscia_inermis__420281	0	0	0	2.10879	0.776522	0	0	0	0	0	0	0
NONOXIPENT-PWY: pentose phosphate pathway (non-oxidative branch) I|g__Pseudictyota.s__Pseudictyota_dubia__2749911	0	1.48068	1.961	11.4804	2.42985	0	0	0	0	0	0	0
NONOXIPENT-PWY: pentose phosphate pathway (non-oxidative branch) I|g__Stephanopyxis.s__Stephanopyxis_turris__515487	0	0	0	16.9213	0	0	0	0	0	0	3.93509	5.44526
NONOXIPENT-PWY: pentose phosphate pathway (non-oxidative branch) I|g__Thalassiosira.s__Thalassiosira_punctigera__265564	0	2.50527	0	83.667	0	0	0	0.868583	0	0	0	10.2587
NONOXIPENT-PWY: pentose phosphate pathway (non-oxidative branch) I|g__Thalassiosira.s__Thalassiosira_sp.__1891026	0	0	0	0	0	0	0	0	0	0	0	4.83193
PANTO-PWY: phosphopantothenate biosynthesis I	0	0	0	0	9.34801	0	0	0	0	0	0	0
PENTOSE-P-PWY: pentose phosphate pathway	0	12.0697	0	0	0	0	0	0	0	0	0	50.4449
PWY-101: photosynthesis light reactions	133.486	83.5254	30.6258	84.0404	101.602	77.2414	7.95816	4.93521	0	43.8409	44.2722	77.2805
PWY-101: photosynthesis light reactions|g__Corethron.s__Corethron_hystrix__216773	2.6984	1.24027	0	0	0	0	0	0	0	0	0.509176	0
PWY-101: photosynthesis light reactions|g__Cylindrotheca.s__Cylindrotheca_closterium__2856	0.338276	0	1.19331	1.70753	1.76973	0.60883	0	0.520831	0	0.977685	0.862291	2.61746
PWY-101: photosynthesis light reactions|g__Thalassiothrix.s__Thalassiothrix_antarctica__1049557	0	0	0	0.841349	0.892401	0.374959	0	0.0925048	0	0.577048	0.320591	0.771133
PWY-1042: glycolysis IV	642.558	429.838	1003.02	642.216	677.422	831.577	296.954	270.349	89.0592	1397.76	1814.43	1102.85
PWY-1042: glycolysis IV|g__Alexandrium.s__Alexandrium_andersonii__327968	0	0	0	0	0	18.8687	0	0	0	0	0	0
PWY-1042: glycolysis IV|g__Alexandrium.s__Alexandrium_catenella__2925	1.19223	1.87894	0.0786882	1.38281	2.8987	2.32051	1.29512	0.171796	0	0.946126	0	2.13762
PWY-1042: glycolysis IV|g__Alexandrium.s__Alexandrium_margalefii__109239	6.35275	21.9766	58.1423	19.6258	23.4292	124.805	0.421465	3.2496	0.398506	8.99776	0	1.74244
PWY-1042: glycolysis IV|g__Amphidinium.s__Amphidinium_carterae__2961	0	1.12095	0	0.51958	1.3542	0	0	0	0	0.832414	0	0
PWY-1042: glycolysis IV|g__Apocalathium.s__Apocalathium_aciculiferum__268820	1.81134	1.70045	8.66502	8.21746	24.1828	4.57936	1.83489	1.6013	0	2.31135	0	2.34688
PWY-1042: glycolysis IV|g__Asterionella.s__Asterionella_formosa__210441	0	0	0	0.344361	0	0	0	0	0	0.475184	1.32625	1.70929
PWY-1042: glycolysis IV|g__Asterionellopsis.s__Asterionellopsis_glacialis__33640	0	0	0	0	0	0	0	0	0	0	0	1.41314
PWY-1042: glycolysis IV|g__Aulacoseira.s__Aulacoseira_subarctica__202472	0	0	0	0	0.482382	0	0	0.180053	0	2.14666	4.54458	0.461319
PWY-1042: glycolysis IV|g__Azadinium.s__Azadinium_spinosum__632150	0.457427	0.521883	3.97788	1.10998	1.38821	3.87473	0.171756	0.360919	0.413661	0.273908	0	0.6733
PWY-1042: glycolysis IV|g__Chaetoceros.s__Chaetoceros_cf._neogracilis__1048532	0	0	0	0	0	0	0	0	0	45.3378	35.0184	0
PWY-1042: glycolysis IV|g__Chaetoceros.s__Chaetoceros_debilis__122233	0	2.48137	0.726068	0.888425	4.51822	0	11.4905	8.08259	0	6.53607	25.4292	15.4788
PWY-1042: glycolysis IV|g__Corethron.s__Corethron_hystrix__216773	0	1.73241	27.7843	1.32892	0	0	0	0	0	0	0	0
PWY-1042: glycolysis IV|g__Dactyliosolen.s__Dactyliosolen_fragilissimus__1118495	0	0	0	0	1.10098	0	0.781619	0.488798	0	5.14552	13.7367	10.2821
PWY-1042: glycolysis IV|g__Detonula.s__Detonula_confervacea__83371	0	0	0	4.26348	0	0	0	0	0	72.4048	85.4622	78.4533
PWY-1042: glycolysis IV|g__Ditylum.s__Ditylum_brightwellii__49249	0.082637	0.508882	0	0	0.113419	0	0	0.158638	0	3.67759	5.70239	4.01402
PWY-1042: glycolysis IV|g__Durinskia.s__Durinskia_baltica__400756	0.195246	8.72314	12.9549	18.6363	25.9091	9.1095	1.30051	2.39676	0.0643473	9.1821	0	9.69913
PWY-1042: glycolysis IV|g__Eucampia.s__Eucampia_antarctica__49252	0.502273	1.30237	4.08306	5.96702	2.22683	0	0.495433	0.401745	0	0	0	0.585481
PWY-1042: glycolysis IV|g__Gambierdiscus.s__Gambierdiscus_australes__439317	0.574392	2.37228	7.75262	5.98727	19.2634	12.1969	1.15043	0.930322	0.421694	1.77934	0	4.12805
PWY-1042: glycolysis IV|g__Gonyaulax.s__Gonyaulax_spinifera__66791	6.52215	6.9743	19.3783	0	12.9082	0	0	0.493382	0	0	0	0
PWY-1042: glycolysis IV|g__Gymnodinium.s__Gymnodinium_catenatum__39447	1.23535	6.30781	8.80104	5.13955	3.20887	12.8631	0	0.328724	0	0	0	0.839375
PWY-1042: glycolysis IV|g__Helicotheca.s__Helicotheca_tamesis__374047	0.110878	0	0	0.964133	0.594697	0	0	0.248731	0	0	1.39326	2.51649
PWY-1042: glycolysis IV|g__Heterocapsa.s__Heterocapsa_arctica__192219	0.663702	0.267592	0.320237	0	2.04219	0.752638	0.233831	0.576993	1.03664	0	0	0.434556
PWY-1042: glycolysis IV|g__Heterocapsa.s__Heterocapsa_rotundata__89963	0	0	8.01445	6.77061	14.1573	16.0174	0.674273	0.751364	0.811491	4.20876	0	0.333825
PWY-1042: glycolysis IV|g__Karlodinium.s__Karlodinium_veneficum__407301	0	0.85187	2.80932	0.786895	2.33768	2.04286	0.183827	0	0.720634	0.570251	0	0
PWY-1042: glycolysis IV|g__Kryptoperidinium.s__Kryptoperidinium_foliaceum__160619	4.3746	9.30136	26.3171	19.4892	38.9007	20.0911	5.37878	3.421	2.50445	13.1352	0	11.1133
PWY-1042: glycolysis IV|g__Lingulodinium.s__Lingulodinium_polyedra__160621	2.50212	2.76994	10.2089	1.56198	3.83753	0.764761	0	0.738783	0	1.10508	0	0
PWY-1042: glycolysis IV|g__Minutocellus.s__Minutocellus_polymorphus__265543	5.43471	8.82624	9.77833	1.66896	0	0	1.88758	1.07621	0	4.94555	8.42843	4.59552
PWY-1042: glycolysis IV|g__Pelagodinium.s__unclassified__766107	1.67391	1.93404	7.52986	4.58157	11.1949	6.96869	0.706855	0.966897	1.32175	3.09867	0	0.997254
PWY-1042: glycolysis IV|g__Polarella.s__Polarella_glacialis__89957	1.54344	4.43387	7.65691	2.47947	5.12807	3.76478	0.592688	0.576162	0.651141	0.481517	0	1.3695
PWY-1042: glycolysis IV|g__Pseudictyota.s__Pseudictyota_dubia__2749911	0	0	0	0	0	0	0.721399	0	0	0	0	0
PWY-1042: glycolysis IV|g__Scrippsiella.s__Scrippsiella_trochoidea__71861	1.20775	15.2379	4.81389	14.9481	57.0075	11.1255	0	2.5191	1.59436	10.1371	0	0
PWY-1042: glycolysis IV|g__Stephanopyxis.s__Stephanopyxis_turris__515487	0	0	0	0	0	0	0.424048	0.371872	0	1.62731	6.52682	5.58791
PWY-1042: glycolysis IV|g__Strombidinopsis.s__Strombidinopsis_sp.__181622	0	0	0	0	0	0	0	1.01488	0	0	0	0
PWY-1042: glycolysis IV|g__Strombidium.s__Strombidium_inclinatum__197538	0	0	4.95663	0	0	0	0	0	0	0	0	0
PWY-1042: glycolysis IV|g__Strombidium.s__Strombidium_rassoulzadegani__1082188	0	0	2.08671	0	0	0	0	0	0	0	0	0
PWY-1042: glycolysis IV|g__Symbiodinium.s__Symbiodinium_sp.__2950	0.338473	2.03876	4.66003	5.37192	8.72652	8.22825	0	0	0	0	0	0
PWY-1042: glycolysis IV|g__Thalassionema.s__Thalassionema_frauenfeldii__186022	0.84143	0.402363	0	2.15596	1.40887	0	0.0665061	0.623063	0	0.442294	0	5.22581
PWY-1042: glycolysis IV|g__Thalassiosira.s__Thalassiosira_antarctica__160265	0	0	0	2.6202	0	0	0	0	0	44.7347	88.3143	191.642
PWY-1042: glycolysis IV|g__Thalassiosira.s__Thalassiosira_sp.__1891026	0	0	0	0	0.249173	0	0	0	0	1.12186	7.34754	12.9886
PWY-1042: glycolysis IV|g__Togula.s__Togula_jolla__285029	0	0	0	1.29656	0	2.34801	0	0	0	0	0	0
PWY-1042: glycolysis IV|g__Trieres.s__Trieres_chinensis__1514140	0	0.792381	0	0.398831	2.0557	0	0	0.442373	0	3.18328	5.35818	1.77805
PWY-1042: glycolysis IV|g__Tripos.s__Tripos_fusus__2916	60.1012	89.1618	51.0597	0	10.1218	0	0	3.24899	1.39042	0	0	0
PWY-1042: glycolysis IV|g__unclassified.s__unclassified__72037	0	0	0	0	0	0	0	0	5.16446	0	0	0
PWY-3481: superpathway of L-phenylalanine and L-tyrosine biosynthesis	0	0	0	0	0	0	0	0	0	9.10869	0	16.1498
PWY-3481: superpathway of L-phenylalanine and L-tyrosine biosynthesis|g__Chaetoceros.s__Chaetoceros_cf._neogracilis__1048532	0	0	0	0	0	0	0	0	0	5.34383	0	0.589101
PWY-3841: folate transformations II (plants)	8.26451	0	0	0	0	0	0	0	0	0	0	0
PWY-4041: &gamma;-glutamyl cycle	0	0	0	0	0	0	4.44547	0	0	0	0	0
PWY-4984: urea cycle	0	25.2319	15.4883	34.7943	42.7722	20.3002	5.70777	0	0	24.9794	0	32.9706
PWY-4984: urea cycle|g__Odontella.s__Odontella_aurita__265563	0	0	0	0	0.369294	0	0	0	0	0	0	0
PWY-5004: superpathway of L-citrulline metabolism	0	14.4165	0	14.847	19.3489	0	0	0	0	17.0836	0	24.4655
PWY-5068: chlorophyll cycle	0	0	0	0	0	2.73671	0	0	0	0	0	0
PWY-5080: very long chain fatty acid biosynthesis I	0	0	0	9.04529	0	6.81513	0	0	0	0	0	0
PWY-5103: L-isoleucine biosynthesis III	0	0	13.596	0	0	0	0	0	0	0	4.14133	0
PWY-5136: fatty acid &beta;-oxidation II (plant peroxisome)	57.8818	52.664	81.1608	56.3428	47.4653	200.213	8.45309	4.90313	1.68274	105.992	62.1596	171.328
PWY-5136: fatty acid &beta;-oxidation II (plant peroxisome)|g__Alexandrium.s__Alexandrium_andersonii__327968	0	0	0	0	3.65806	0	0	0	0	0	0	0
PWY-5136: fatty acid &beta;-oxidation II (plant peroxisome)|g__Detonula.s__Detonula_confervacea__83371	0	0	0	0	0	0	0	0	0	26.8663	31.2341	62.71
PWY-5136: fatty acid &beta;-oxidation II (plant peroxisome)|g__Eucampia.s__Eucampia_antarctica__49252	0	0	0	0.70765	0	0	0	0	0	0	0	0
PWY-5136: fatty acid &beta;-oxidation II (plant peroxisome)|g__Scrippsiella.s__Scrippsiella_trochoidea__71861	0	0	0	0	0	18.566	0	0	0	0	0	0
PWY-5136: fatty acid &beta;-oxidation II (plant peroxisome)|g__Thalassiosira.s__Thalassiosira_punctigera__265564	0	0	0	0	0	0	0	0	0	12.5653	9.83699	25.9783
PWY-5188: tetrapyrrole biosynthesis I (from glutamate)	0	19.1678	0	0	0	0	0	0	0	0	0	19.8351
PWY-5189: tetrapyrrole biosynthesis II (from glycine)	0	0	0	0	6.40626	0	0	5.55216	0	0	0	14.0704
PWY-5484: glycolysis II (from fructose 6-phosphate)	38.4609	0	30.174	34.0503	53.6381	0	0	0	0	289.929	138.707	57.1955
PWY-5484: glycolysis II (from fructose 6-phosphate)|g__Chaetoceros.s__Chaetoceros_cf._neogracilis__1048532	0	0	0	0	0	0	0	0	0	83.9673	52.9233	0
PWY-5505: L-glutamate and L-glutamine biosynthesis	0	12.0401	19.6953	0	0	0	0	2.47606	0	0	0	0
PWY-5659: GDP-mannose biosynthesis	0	2.50648	9.75123	86.4662	73.1871	49.0689	12.5491	9.24888	4.29766	182.678	835.53	271.09
PWY-5659: GDP-mannose biosynthesis|g__Aulacoseira.s__Aulacoseira_subarctica__202472	0	0	0	0.431358	0	0	0	0	0	0	0	0
PWY-5659: GDP-mannose biosynthesis|g__Coscinodiscus.s__Coscinodiscus_wailesii__671091	0	0	0	2.89194	0.338029	0	0.427977	0.544842	0	0	0	0
PWY-5659: GDP-mannose biosynthesis|g__Extubocellulus.s__Extubocellulus_spinifer__265572	0	0	0	2.35929	0	0	0	0	0	0	0	0
PWY-5659: GDP-mannose biosynthesis|g__Gonyaulax.s__Gonyaulax_spinifera__66791	0	0	7.1437	0	0	9.32585	0	0	0	0	0	0
PWY-5659: GDP-mannose biosynthesis|g__Helicotheca.s__Helicotheca_tamesis__374047	0	0	0	0.70444	0.804915	0	0	0	0	0.165953	0.196246	0.268853
PWY-5659: GDP-mannose biosynthesis|g__Heterocapsa.s__Heterocapsa_rotundata__89963	0	0	0	0.844041	0	3.66352	0	0	0	0	0	0
PWY-5659: GDP-mannose biosynthesis|g__Kryptoperidinium.s__Kryptoperidinium_foliaceum__160619	0	0	0	0	1.01905	0	0	0	0	0	0	0
PWY-5659: GDP-mannose biosynthesis|g__Minutocellus.s__Minutocellus_polymorphus__265543	0	0	0	2.1043	0	0	0	0	0	0	0	0
PWY-5659: GDP-mannose biosynthesis|g__Pseudictyota.s__Pseudictyota_dubia__2749911	0	0	0	1.00469	0	0	0	0	0	0.314786	1.64453	0
PWY-5659: GDP-mannose biosynthesis|g__Pseudo-nitzschia.s__Pseudo-nitzschia_pungens__37318	0	0	0	0	0.951599	0	0	0	0	0	0	0
PWY-5659: GDP-mannose biosynthesis|g__Skeletonema.s__Skeletonema_menzelii__216823	0	0	0	0.230907	0	0	0	0	0	0.234961	0.211288	0.142394
PWY-5659: GDP-mannose biosynthesis|g__Stephanopyxis.s__Stephanopyxis_turris__515487	0	0	0	2.09535	0	0	0	0	0	0	0	0.204863
PWY-5659: GDP-mannose biosynthesis|g__Thalassiosira.s__Thalassiosira_punctigera__265564	0	0	0	4.35025	0	0	0.622503	0	0	13.8515	84.4451	30.8625
PWY-5659: GDP-mannose biosynthesis|g__Trieres.s__Trieres_chinensis__1514140	0	0	0	0	0	0	0	0	0	0.429718	0	0
PWY-5659: GDP-mannose biosynthesis|g__unclassified.s__unclassified__33852	0	0	0	0	1.07263	0	0	0	0	0	0	0
PWY-5667: CDP-diacylglycerol biosynthesis I	0	26.0833	0	0	15.7441	0	3.95207	0	0	0	0	0
PWY-5675: nitrate reduction V (assimilatory)	0	2.44195	0	0	26.406	0	2.74222	0	0	12.7155	0	0
PWY-5675: nitrate reduction V (assimilatory)|g__Thalassiosira.s__Thalassiosira_sp.__1891026	0	0	0	0	0	0	0	0	0	10.4761	0	0
PWY-5686: UMP biosynthesis I	0	4.23907	3.17499	2.40245	0	0	0	0	0	0	0	0
PWY-5695: inosine 5'-phosphate degradation	58.8205	0	0	10.8738	0	0	8.20055	0	0	21.0947	12.2823	16.3802
PWY-5695: inosine 5'-phosphate degradation|g__Chaetoceros.s__Chaetoceros_cf._neogracilis__1048532	2.96012	0	0	0	0	0	0	0	0	4.43007	4.17894	0
PWY-5695: inosine 5'-phosphate degradation|g__Chaetoceros.s__Chaetoceros_debilis__122233	0	0	0	0	0	0	3.00697	0	0	0	0	0
PWY-5695: inosine 5'-phosphate degradation|g__Trieres.s__Trieres_chinensis__1514140	0.0482962	0	0	0	0	0	0	0	0	0	0	0
PWY-5723: Rubisco shunt	379.511	246.504	148.58	610.311	183.093	153.372	24.4276	31.333	0	465.846	556.075	569.33
PWY-5723: Rubisco shunt|g__Licmophora.s__Licmophora_paradoxa__515479	0	0	0	0.693727	0	0	0	0	0	0	0	0
PWY-5723: Rubisco shunt|g__Odontella.s__Odontella_aurita__265563	0	1.70791	0	0	1.56817	0	0	0	0	0	0	0
PWY-5873: ubiquinol-7 biosynthesis (late decarboxylation)	0	0	0	4.30054	0	0	0	0	0	0	0	0
PWY-5873: ubiquinol-7 biosynthesis (late decarboxylation)|g__Daphnia.s__Daphnia_pulex__6669	0	0	0	3.78204	0	0	0	0	0	0	0	0
PWY-5913: partial TCA cycle (obligate autotrophs)	6.37242	0	0	25.3932	12.3168	0	0	0	0	25.9741	4.80989	0
PWY-5918: superpathway of heme b biosynthesis from glutamate	0	14.9104	0	0	0	0	0	0	0	0	0	26.2148
PWY-5920: superpathway of heme b biosynthesis from glycine	0	0	0	0	10.4919	0	0	4.28199	0	0	0	22.0231
PWY-5995: linoleate biosynthesis I (plants)	69.5701	35.6212	24.2302	0	0	0	11.6173	4.18994	0	0	0	0
PWY-6122: 5-aminoimidazole ribonucleotide biosynthesis II	0	0	0	12.7711	0	23.4806	0	0	0	0	0	0
PWY-6124: inosine-5'-phosphate biosynthesis II	0	6.56133	0	26.0591	17.2387	5.67733	0	0	0	0	0	0
PWY-6125: superpathway of guanosine nucleotides de novo biosynthesis II	0	0	0	0	0	0	4.10787	4.30176	0	0	0	0
PWY-6126: superpathway of adenosine nucleotides de novo biosynthesis II	174.736	114.642	197.844	229.76	175.837	433.932	45.6894	53.4252	5.89249	422.568	487.91	133.812
PWY-6126: superpathway of adenosine nucleotides de novo biosynthesis II|g__Asterionella.s__Asterionella_formosa__210441	0	0	0	0.35006	0	0	0	0	0	0	0	0
PWY-6126: superpathway of adenosine nucleotides de novo biosynthesis II|g__Coscinodiscus.s__Coscinodiscus_wailesii__671091	0	0	0	0.222934	0	0	0	0	0	0	0	0
PWY-6126: superpathway of adenosine nucleotides de novo biosynthesis II|g__Durinskia.s__Durinskia_baltica__400756	2.3433	1.1363	3.63049	2.29188	5.71398	3.95325	0.359643	0.493571	0	0	0	0.962105
PWY-6126: superpathway of adenosine nucleotides de novo biosynthesis II|g__Kryptoperidinium.s__Kryptoperidinium_foliaceum__160619	0.812556	0	0.827313	3.51104	3.60562	0	0.225061	0	0	0	0	1.20943
PWY-6126: superpathway of adenosine nucleotides de novo biosynthesis II|g__Thalassionema.s__Thalassionema_frauenfeldii__186022	0	0	0	0	0.449456	0	0	0	0	0	0	0
PWY-6163: chorismate biosynthesis from 3-dehydroquinate	13.0871	0	0	0	0	0	5.36429	4.74916	0	0	0	0
PWY-6277: superpathway of 5-aminoimidazole ribonucleotide biosynthesis	0	0	0	12.7711	0	23.4806	0	0	0	0	0	0
PWY-6281: L-selenocysteine biosynthesis II (archaea and eukaryotes)	0	0	0	11.5762	0	0	0	0	0	0	0	4.45228
PWY-6292: superpathway of L-cysteine biosynthesis (mammalian)	71.3611	73.3619	161.461	70.6465	80.7305	0	164.215	251.82	283.721	449.865	284.19	160.338
PWY-6292: superpathway of L-cysteine biosynthesis (mammalian)|g__Ammonia.s__Ammonia_sp.__43993	6.91086	0.915344	0	0	0	0	0	0	0	0	0	4.13688
PWY-6292: superpathway of L-cysteine biosynthesis (mammalian)|g__Astrosyne.s__Astrosyne_radiata__1158023	0	0	1.38748	0	0	0	0	0	0	0	0	0
PWY-6292: superpathway of L-cysteine biosynthesis (mammalian)|g__Chattonella.s__Chattonella_subsalsa__44440	0	0	0	0	0	0	0	0	0	0	0	0.395235
PWY-6292: superpathway of L-cysteine biosynthesis (mammalian)|g__Daphnia.s__Daphnia_pulex__6669	0	0	0	0	10.9739	0	0	4.2898	0	0	0	0
PWY-6292: superpathway of L-cysteine biosynthesis (mammalian)|g__Eurytemora.s__Eurytemora_affinis__88015	0	0	0	0	0	0	10.9612	12.1207	5.63573	0	0	0
PWY-6292: superpathway of L-cysteine biosynthesis (mammalian)|g__Hydrurus.s__Hydrurus_foetidus__2996	0	0	0	0	0	0	0	0	0	0	0	0.48212
PWY-6292: superpathway of L-cysteine biosynthesis (mammalian)|g__Kryptoperidinium.s__Kryptoperidinium_foliaceum__160619	0	0	0.753631	0	0	0	0	0	0	0	0	0.45353
PWY-6292: superpathway of L-cysteine biosynthesis (mammalian)|g__Madagascaria.s__Madagascaria_erythrocladioides__753684	0	0	0	0	0	0	0	0	0	0	0	0.0333361
PWY-6292: superpathway of L-cysteine biosynthesis (mammalian)|g__Microchloropsis.s__Microchloropsis_salina__1027361	0	0	0	0	0	0	0	0	0	0	0	0.849636
PWY-6292: superpathway of L-cysteine biosynthesis (mammalian)|g__Paramoeba.s__Paramoeba_aestuarina__180227	0	0	14.8986	0	0	0	0	0	0	0	0	0
PWY-6292: superpathway of L-cysteine biosynthesis (mammalian)|g__Partenskyella.s__Partenskyella_glossopodia__552666	0	0	0	0	0	0	0	0	0	0	0	0.807058
PWY-6292: superpathway of L-cysteine biosynthesis (mammalian)|g__Pseudictyota.s__Pseudictyota_dubia__2749911	1.31884	0	0.414209	0	0	0	0	0	0	1.34767	3.61642	0
PWY-6292: superpathway of L-cysteine biosynthesis (mammalian)|g__Schmidingerella.s__Schmidingerella_taraikaensis__626734	17.9793	8.91676	5.23192	0	4.19597	0	0	0.73973	0	0	0	0
PWY-6292: superpathway of L-cysteine biosynthesis (mammalian)|g__Stephanopyxis.s__Stephanopyxis_turris__515487	0.908062	0	0	0	0	0	0	0	0	0	0	0.284432
PWY-6292: superpathway of L-cysteine biosynthesis (mammalian)|g__Strombidium.s__Strombidium_inclinatum__197538	1.1245	0	1.15034	0	1.24334	0	0	0	0	0	0	0
PWY-6292: superpathway of L-cysteine biosynthesis (mammalian)|g__Strombidium.s__Strombidium_rassoulzadegani__1082188	1.66293	1.57615	5.08037	0	0	0	0	0.551218	0	0	0	0
PWY-6292: superpathway of L-cysteine biosynthesis (mammalian)|g__Stylophora.s__Stylophora_pistillata__50429	0	6.94533	0	0	0	0	0	0	0	0	0	0
PWY-6292: superpathway of L-cysteine biosynthesis (mammalian)|g__Vaucheria.s__Vaucheria_litorea__109269	0	0	1.32614	0	0	0	0	0	0	0	0	0
PWY-6292: superpathway of L-cysteine biosynthesis (mammalian)|g__unclassified.s__unclassified__72037	0	0	0	0	0	0	60.768	92.9733	112.154	0	0	0
PWY-6305: superpathway of putrescine biosynthesis	0	7.37044	0	22.4947	0	0	0	0	0	0	0	0
PWY-6352: 3-phosphoinositide biosynthesis	9.6816	0	0	6.63634	3.41089	0	3.71822	5.26005	11.3561	8.88209	14.9492	32.5451
PWY-6353: purine nucleotides degradation II (aerobic)	0	0	0	0	0	0	0	0	0	10.2365	0	0
PWY-6435: 4-hydroxybenzoate biosynthesis III (plants)	0	0	0	0	0	0	0	0	0	45.7677	19.8927	0
PWY-6435: 4-hydroxybenzoate biosynthesis III (plants)|g__Chaetoceros.s__Chaetoceros_cf._neogracilis__1048532	0	0	0	0	0	0	0	0	0	42.1821	17.9417	0
PWY-6608: guanosine nucleotides degradation III	0	0	0	0	0	0	0	0	0	7.18787	5.61312	0
PWY-6609: adenine and adenosine salvage III	0	0	0	7.06853	0	0	9.5018	15.8923	9.50233	19.7444	27.6443	17.8346
PWY-6609: adenine and adenosine salvage III|g__unclassified.s__unclassified__72037	0	0	0	0	0	0	1.67011	0	2.89595	0	0	0
PWY-6803: phosphatidylcholine acyl editing	0	0	11.1527	0	0	0	25.1436	8.87464	0	0	0	0
PWY-6803: phosphatidylcholine acyl editing|g__Chaetoceros.s__Chaetoceros_dichaeta__420782	0	0	0	0	0	0	0	1.21795	0	0	0	0
PWY-6922: L-N&delta;-acetylornithine biosynthesis	13.5176	38.8744	49.0366	63.4457	14.5326	0	32.1517	34.3627	0	211.001	152.395	56.0991
PWY-7039: phosphatidate metabolism, as a signaling molecule	0	0	0	2.68146	0	0	0	0	0	0	0	0
PWY-7094: fatty acid salvage	0	0	0	0	0	0	2.54233	0	0	0	0	0
PWY-7111: pyruvate fermentation to isobutanol (engineered)	0	0	16.4146	0	0	0	0	0	0	0	4.18155	0
PWY-7115: C4 photosynthetic carbon assimilation cycle, NAD-ME type	0	0	0	0	8.44806	0	0	0	0	0	0	0
PWY-7159: 3,8-divinyl-chlorophyllide a biosynthesis III (aerobic, light independent)	0	0	4.97081	7.8599	28.0136	12.1805	3.38024	4.51953	0	0	0	20.9916
PWY-7208: superpathway of pyrimidine nucleobases salvage	150.481	118.768	241.015	413.205	158.469	359.987	68.4102	60.618	34.0904	203.315	244.154	204.733
PWY-7208: superpathway of pyrimidine nucleobases salvage|g__Chaetoceros.s__Chaetoceros_cf._neogracilis__1048532	0.788128	0	0	0.584709	0	0	0	0.412559	0	27.0514	23.3423	1.40564
PWY-7208: superpathway of pyrimidine nucleobases salvage|g__Chaetoceros.s__Chaetoceros_debilis__122233	3.35761	0	2.55541	0	2.64875	0	7.05763	2.99362	0	0	0	0.8961
PWY-7208: superpathway of pyrimidine nucleobases salvage|g__Chaetoceros.s__Chaetoceros_dichaeta__420782	0.244287	0	0.461658	0	0	0	0	2.94383	0	0	0	0
PWY-7208: superpathway of pyrimidine nucleobases salvage|g__Dactyliosolen.s__Dactyliosolen_fragilissimus__1118495	0.92862	0	0	2.87441	2.08195	0	0	0	0	0	0	0
PWY-7208: superpathway of pyrimidine nucleobases salvage|g__Detonula.s__Detonula_confervacea__83371	0	0	0	36.0257	1.13985	0	1.11756	0.435358	0	79.4147	112.647	160.13
PWY-7208: superpathway of pyrimidine nucleobases salvage|g__Durinskia.s__Durinskia_baltica__400756	0.619764	0.852938	1.29336	0	2.23908	0	0.190816	0	0.223548	0.382444	0	0
PWY-7208: superpathway of pyrimidine nucleobases salvage|g__Eucampia.s__Eucampia_antarctica__49252	0	0	0	2.20179	0.792802	0	0	0	0	0	0	0
PWY-7208: superpathway of pyrimidine nucleobases salvage|g__Kryptoperidinium.s__Kryptoperidinium_foliaceum__160619	1.50547	0	0	0	0	0	0.424335	0	0.447985	1.20177	0	0
PWY-7208: superpathway of pyrimidine nucleobases salvage|g__Minutocellus.s__Minutocellus_polymorphus__265543	0	1.34391	1.31816	0	0	0	0	0	0	0	0	0
PWY-7208: superpathway of pyrimidine nucleobases salvage|g__Thalassiosira.s__Thalassiosira_antarctica__160265	0	0	0	0	0	0	0	0	0	31.0927	7.26108	4.63233
PWY-7208: superpathway of pyrimidine nucleobases salvage|g__Thalassiosira.s__Thalassiosira_punctigera__265564	0	0	0	27.1607	0	0	0	0.975009	0	11.618	20.1606	2.34325
PWY-7208: superpathway of pyrimidine nucleobases salvage|g__Thalassiosira.s__Thalassiosira_sp.__1891026	0	0	0	1.55504	0	0	0	0	0	3.73614	2.89547	0.865918
PWY-7220: adenosine deoxyribonucleotides de novo biosynthesis II	1560.88	1170.01	1183.68	1670.87	1713.49	796.882	522.377	519.017	282.119	1461.9	871.92	1587.31
PWY-7220: adenosine deoxyribonucleotides de novo biosynthesis II|g__Ammonia.s__Ammonia_sp.__43993	0	0	20.9028	0	0	0	0	0	0	0	0	0
PWY-7220: adenosine deoxyribonucleotides de novo biosynthesis II|g__Amphiprora.s__Amphiprora_paludosa__265537	0.158508	0	0	0.0731709	0.389367	0	0	0	0	0	0.04608	0
PWY-7220: adenosine deoxyribonucleotides de novo biosynthesis II|g__Amphiprora.s__Amphiprora_sp.__2608610	0.0433696	0	0	0.0728168	0.0470768	0	0	0	0	0	0.136667	0
PWY-7220: adenosine deoxyribonucleotides de novo biosynthesis II|g__Aplanochytrium.s__Aplanochytrium_sp.__2100755	0	12.5128	13.2733	0	0	0	0	0	0	0	0	0
PWY-7220: adenosine deoxyribonucleotides de novo biosynthesis II|g__Asterionella.s__Asterionella_formosa__210441	0.265025	0	0	0.373215	0.596508	0	0	0	0	0.551302	0	0
PWY-7220: adenosine deoxyribonucleotides de novo biosynthesis II|g__Asterionellopsis.s__Asterionellopsis_glacialis__33640	0.17536	0	0	0.241956	0	0.467788	0.120587	0	0	0.596439	0.463771	1.04468
PWY-7220: adenosine deoxyribonucleotides de novo biosynthesis II|g__Attheya.s__Attheya_septentrionalis__420275	0.105064	0.65128	0.546827	2.82798	0.732273	0	0.159775	1.42311	0	1.61533	2.8891	1.88868
PWY-7220: adenosine deoxyribonucleotides de novo biosynthesis II|g__Aulacoseira.s__Aulacoseira_subarctica__202472	0	0	0	0.123442	0	0	0	0	0	0	0	0
PWY-7220: adenosine deoxyribonucleotides de novo biosynthesis II|g__Chaetoceros.s__Chaetoceros_cf._neogracilis__1048532	0.847122	0.602194	2.11537	2.16503	4.92268	0.767795	1.12039	0.648625	0	154.828	65.3692	0.435057
PWY-7220: adenosine deoxyribonucleotides de novo biosynthesis II|g__Chaetoceros.s__Chaetoceros_debilis__122233	4.99588	1.00402	2.66413	1.68208	1.69826	0	5.24061	2.53807	0	4.91517	9.28724	3.42143
PWY-7220: adenosine deoxyribonucleotides de novo biosynthesis II|g__Chaetoceros.s__Chaetoceros_dichaeta__420782	0.254599	0.993249	0	1.16238	3.22514	0	0.93282	1.38295	0	1.08812	1.12413	2.85547
PWY-7220: adenosine deoxyribonucleotides de novo biosynthesis II|g__Corethron.s__Corethron_hystrix__216773	1.06731	0	2.76008	0.231649	0	0	0.202893	0	0	0	0	0
PWY-7220: adenosine deoxyribonucleotides de novo biosynthesis II|g__Coscinodiscus.s__Coscinodiscus_wailesii__671091	0.799636	0	2.22912	2.4981	0.44799	0	0.617176	0	0	0	0	0
PWY-7220: adenosine deoxyribonucleotides de novo biosynthesis II|g__Craspedostauros.s__Craspedostauros_australis__1486917	0	0	0	0.597651	0.210406	0	0	0	0	0	0	0
PWY-7220: adenosine deoxyribonucleotides de novo biosynthesis II|g__Cylindrotheca.s__Cylindrotheca_closterium__2856	0	0	1.01083	0.213698	0	0	0	0	0	0	0.116235	0
PWY-7220: adenosine deoxyribonucleotides de novo biosynthesis II|g__Dactyliosolen.s__Dactyliosolen_fragilissimus__1118495	3.56113	0.456045	4.20944	1.54874	1.87064	0	0.740544	0.370755	0	1.43491	2.61042	0.706013
PWY-7220: adenosine deoxyribonucleotides de novo biosynthesis II|g__Detonula.s__Detonula_confervacea__83371	0.359266	0	0	10.3466	0	0	2.45492	2.01809	0	90.7845	152.24	28.857
PWY-7220: adenosine deoxyribonucleotides de novo biosynthesis II|g__Durinskia.s__Durinskia_baltica__400756	12.1711	22.3072	19.6878	10.4258	15.0302	2.69655	4.93541	7.07515	2.73441	1.31271	1.82719	12.9649
PWY-7220: adenosine deoxyribonucleotides de novo biosynthesis II|g__Eucampia.s__Eucampia_antarctica__49252	3.20383	0.5035	4.22707	5.65359	3.93654	0	0.256946	0	0	2.4187	2.98686	0
PWY-7220: adenosine deoxyribonucleotides de novo biosynthesis II|g__Extubocellulus.s__Extubocellulus_spinifer__265572	0.053763	0.326062	0.0554937	0.912163	0.682075	0.127635	0.33737	0	0	0.0532264	0.121539	0.196131
PWY-7220: adenosine deoxyribonucleotides de novo biosynthesis II|g__Fragilariopsis.s__Fragilariopsis_cylindrus__186039	0	0	0	0	1.81487	0	0	0.0384368	0	0	0	0
PWY-7220: adenosine deoxyribonucleotides de novo biosynthesis II|g__Fragilariopsis.s__Fragilariopsis_kerguelensis__186038	0.324668	0	0	0	1.25654	0	0	0.211175	0	0.622567	0	0
PWY-7220: adenosine deoxyribonucleotides de novo biosynthesis II|g__Geminigera.s__Geminigera_cryophila__46947	0	6.79485	0	0	0	0	0.885675	0.958247	0	0	0	1.05329
PWY-7220: adenosine deoxyribonucleotides de novo biosynthesis II|g__Geminigera.s__unclassified__46946	0	0	0	0	0	0	0.20913	0	0	0	0	0.104769
PWY-7220: adenosine deoxyribonucleotides de novo biosynthesis II|g__Grammatophora.s__Grammatophora_oceanica__210454	0.296584	0	1.68977	0.982457	0	0	0	0	0	0	0	0
PWY-7220: adenosine deoxyribonucleotides de novo biosynthesis II|g__Kryptoperidinium.s__Kryptoperidinium_foliaceum__160619	19.9878	6.42002	24.0367	53.5431	57.1268	7.04999	1.34325	1.59824	0.839988	3.06038	6.41991	28.691
PWY-7220: adenosine deoxyribonucleotides de novo biosynthesis II|g__Leptocylindrus.s__Leptocylindrus_danicus__163516	0	0	0	2.06028	0	0	0	0	0	1.2574	0.135289	0
PWY-7220: adenosine deoxyribonucleotides de novo biosynthesis II|g__Licmophora.s__Licmophora_paradoxa__515479	0.277283	0	7.22587	2.45232	0	0	0.0540664	0	0	0	0	0
PWY-7220: adenosine deoxyribonucleotides de novo biosynthesis II|g__Minutocellus.s__Minutocellus_polymorphus__265543	0.546747	0.337908	0.813991	2.42225	0.0885461	0.13836	1.44834	1.14453	0	0.0547501	0.827993	1.47804
PWY-7220: adenosine deoxyribonucleotides de novo biosynthesis II|g__Paraphysomonas.s__Paraphysomonas_bandaiensis__89770	0	0.154052	0	0	0	0	0.835253	0	0	0	0	0
PWY-7220: adenosine deoxyribonucleotides de novo biosynthesis II|g__Pelagococcus.s__Pelagococcus_subviridis__35679	0	0	8.00459	0	0	0	0	0	0	0	0	0
PWY-7220: adenosine deoxyribonucleotides de novo biosynthesis II|g__Protocruzia.s__Protocruzia_adherens__223996	0	3.34829	1.23707	0	0	0	0	0	0	0	0	0
PWY-7220: adenosine deoxyribonucleotides de novo biosynthesis II|g__Pseudictyota.s__Pseudictyota_dubia__2749911	0.405922	0	0	3.23587	3.22445	0.619362	0.328441	0.637204	0	0	0	0.752207
PWY-7220: adenosine deoxyribonucleotides de novo biosynthesis II|g__Pseudokeronopsis.s__Pseudokeronopsis_sp.__1634380	0	0	0	0	0	0	0	0	0	0	0	1.7004
PWY-7220: adenosine deoxyribonucleotides de novo biosynthesis II|g__Schmidingerella.s__Schmidingerella_taraikaensis__626734	7.18808	2.54097	0	0	3.01748	0	0	0	0	0	0	0
PWY-7220: adenosine deoxyribonucleotides de novo biosynthesis II|g__Stauroneis.s__Stauroneis_constricta__265584	0	0	0	0.278828	0.187097	0	0	0	0	0	0	0
PWY-7220: adenosine deoxyribonucleotides de novo biosynthesis II|g__Stephanopyxis.s__Stephanopyxis_turris__515487	0.518455	0.449161	0.0609561	2.29743	0	0.532102	0	0	0	3.45206	4.45728	5.71132
PWY-7220: adenosine deoxyribonucleotides de novo biosynthesis II|g__Striatella.s__Striatella_unipunctata__210618	0	0	0	0.390701	0	0	0	0	0	0	0	0
PWY-7220: adenosine deoxyribonucleotides de novo biosynthesis II|g__Strombidium.s__Strombidium_rassoulzadegani__1082188	0.0593956	0	0	0.510244	0	0	0.654881	0.902772	0	0	0	0
PWY-7220: adenosine deoxyribonucleotides de novo biosynthesis II|g__Thalassionema.s__Thalassionema_frauenfeldii__186022	0.72442	0	0.0610875	1.77646	0.315588	0	0.247619	0	0	0	0	0
PWY-7220: adenosine deoxyribonucleotides de novo biosynthesis II|g__Thalassionema.s__Thalassionema_nitzschioides__33649	0	0	0	0.112445	0	0	0	0	0	0	0	0
PWY-7220: adenosine deoxyribonucleotides de novo biosynthesis II|g__Thalassiosira.s__Thalassiosira_antarctica__160265	0	0	0	2.54637	0	0	0	0	0	68.2633	68.7811	8.21593
PWY-7220: adenosine deoxyribonucleotides de novo biosynthesis II|g__Thalassiosira.s__Thalassiosira_oceanica__159749	0	0	0	16.9038	0	0	2.37636	0	0	15.83	84.4389	26.3292
PWY-7220: adenosine deoxyribonucleotides de novo biosynthesis II|g__Thalassiosira.s__Thalassiosira_punctigera__265564	0.106539	0.222719	0.768295	8.88934	0.128844	1.16944	0.30548	0.253896	0	16.7721	37.7954	11.2129
PWY-7220: adenosine deoxyribonucleotides de novo biosynthesis II|g__Thalassiosira.s__Thalassiosira_rotula__49265	0.275989	0	0	26.0067	0	0	0.706311	0	0	27.3463	65.8736	2.82115
PWY-7220: adenosine deoxyribonucleotides de novo biosynthesis II|g__Thalassiosira.s__Thalassiosira_sp.__1891026	0	0	0	0	0	0	0	0	0	1.78012	0	0
PWY-7220: adenosine deoxyribonucleotides de novo biosynthesis II|g__Thalassiothrix.s__Thalassiothrix_antarctica__1049557	0	0	0.736115	0.137205	0.332429	0	0	0	0	0	0	0
PWY-7220: adenosine deoxyribonucleotides de novo biosynthesis II|g__Thraustochytrium.s__Thraustochytrium_sp.__145168	0	2.23418	0.774387	0	0	0	0	0	0	0	0	0
PWY-7220: adenosine deoxyribonucleotides de novo biosynthesis II|g__Trieres.s__Trieres_chinensis__1514140	1.15219	0.0608963	0.494205	4.18461	2.01525	0.591902	0	1.09505	0	0	0.302951	0.261204
PWY-7220: adenosine deoxyribonucleotides de novo biosynthesis II|g__Tryblionella.s__Tryblionella_compressa__913974	0	0	0	1.29393	0	0	0	0	0	0	0	0
PWY-7220: adenosine deoxyribonucleotides de novo biosynthesis II|g__unclassified.s__unclassified__200605	2.13599	2.47484	0	0.779546	2.80608	0	0	1.72572	4.08166	0	0	3.46378
PWY-7220: adenosine deoxyribonucleotides de novo biosynthesis II|g__unclassified.s__unclassified__33852	0.409718	0	0	0.13033	1.22665	0	0	0.0605236	0	0	0	0
PWY-7220: adenosine deoxyribonucleotides de novo biosynthesis II|g__unclassified.s__unclassified__41302	0	0	0	0	0	0	9.40685	0	4.67031	0	0	0
PWY-7221: guanosine ribonucleotides de novo biosynthesis	10.0016	11.9216	0	63.6768	0	0	5.65293	5.6541	0	263.861	340.536	31.9607
PWY-7221: guanosine ribonucleotides de novo biosynthesis|g__Chaetoceros.s__Chaetoceros_debilis__122233	0	0	0	0	0	0	2.73211	2.78492	0	0	0	0
PWY-7221: guanosine ribonucleotides de novo biosynthesis|g__Thalassionema.s__Thalassionema_frauenfeldii__186022	0	0	0	0.0861754	0	0	0	0	0	0	0	0
PWY-7221: guanosine ribonucleotides de novo biosynthesis|g__Thalassiosira.s__Thalassiosira_antarctica__160265	0	0.716172	0	2.92254	0	0	0	0	0	122.005	94.5056	15.6005
PWY-7222: guanosine deoxyribonucleotides de novo biosynthesis II	1560.88	1170.01	1183.68	1670.87	1713.49	796.882	522.377	519.017	282.119	1461.9	871.92	1587.31
PWY-7222: guanosine deoxyribonucleotides de novo biosynthesis II|g__Ammonia.s__Ammonia_sp.__43993	0	0	20.9028	0	0	0	0	0	0	0	0	0
PWY-7222: guanosine deoxyribonucleotides de novo biosynthesis II|g__Amphiprora.s__Amphiprora_paludosa__265537	0.158508	0	0	0.0731709	0.389367	0	0	0	0	0	0.04608	0
PWY-7222: guanosine deoxyribonucleotides de novo biosynthesis II|g__Amphiprora.s__Amphiprora_sp.__2608610	0.0433696	0	0	0.0728168	0.0470768	0	0	0	0	0	0.136667	0
PWY-7222: guanosine deoxyribonucleotides de novo biosynthesis II|g__Aplanochytrium.s__Aplanochytrium_sp.__2100755	0	12.5128	13.2733	0	0	0	0	0	0	0	0	0
PWY-7222: guanosine deoxyribonucleotides de novo biosynthesis II|g__Asterionella.s__Asterionella_formosa__210441	0.265025	0	0	0.373215	0.596508	0	0	0	0	0.551302	0	0
PWY-7222: guanosine deoxyribonucleotides de novo biosynthesis II|g__Asterionellopsis.s__Asterionellopsis_glacialis__33640	0.17536	0	0	0.241956	0	0.467788	0.120587	0	0	0.596439	0.463771	1.04468
PWY-7222: guanosine deoxyribonucleotides de novo biosynthesis II|g__Attheya.s__Attheya_septentrionalis__420275	0.105064	0.65128	0.546827	2.82798	0.732273	0	0.159775	1.42311	0	1.61533	2.8891	1.88868
PWY-7222: guanosine deoxyribonucleotides de novo biosynthesis II|g__Aulacoseira.s__Aulacoseira_subarctica__202472	0	0	0	0.123442	0	0	0	0	0	0	0	0
PWY-7222: guanosine deoxyribonucleotides de novo biosynthesis II|g__Chaetoceros.s__Chaetoceros_cf._neogracilis__1048532	0.847122	0.602194	2.11537	2.16503	4.92268	0.767795	1.12039	0.648625	0	154.828	65.3692	0.435057
PWY-7222: guanosine deoxyribonucleotides de novo biosynthesis II|g__Chaetoceros.s__Chaetoceros_debilis__122233	4.99588	1.00402	2.66413	1.68208	1.69826	0	5.24061	2.53807	0	4.91517	9.28724	3.42143
PWY-7222: guanosine deoxyribonucleotides de novo biosynthesis II|g__Chaetoceros.s__Chaetoceros_dichaeta__420782	0.254599	0.993249	0	1.16238	3.22514	0	0.93282	1.38295	0	1.08812	1.12413	2.85547
PWY-7222: guanosine deoxyribonucleotides de novo biosynthesis II|g__Corethron.s__Corethron_hystrix__216773	1.06731	0	2.76008	0.231649	0	0	0.202893	0	0	0	0	0
PWY-7222: guanosine deoxyribonucleotides de novo biosynthesis II|g__Coscinodiscus.s__Coscinodiscus_wailesii__671091	0.799636	0	2.22912	2.4981	0.44799	0	0.617176	0	0	0	0	0
PWY-7222: guanosine deoxyribonucleotides de novo biosynthesis II|g__Craspedostauros.s__Craspedostauros_australis__1486917	0	0	0	0.597651	0.210406	0	0	0	0	0	0	0
PWY-7222: guanosine deoxyribonucleotides de novo biosynthesis II|g__Cylindrotheca.s__Cylindrotheca_closterium__2856	0	0	1.01083	0.213698	0	0	0	0	0	0	0.116235	0
PWY-7222: guanosine deoxyribonucleotides de novo biosynthesis II|g__Dactyliosolen.s__Dactyliosolen_fragilissimus__1118495	3.56113	0.456045	4.20944	1.54874	1.87064	0	0.740544	0.370755	0	1.43491	2.61042	0.706013
PWY-7222: guanosine deoxyribonucleotides de novo biosynthesis II|g__Detonula.s__Detonula_confervacea__83371	0.359266	0	0	10.3466	0	0	2.45492	2.01809	0	90.7845	152.24	28.857
PWY-7222: guanosine deoxyribonucleotides de novo biosynthesis II|g__Durinskia.s__Durinskia_baltica__400756	12.1711	22.3072	19.6878	10.4258	15.0302	2.69655	4.93541	7.07515	2.73441	1.31271	1.82719	12.9649
PWY-7222: guanosine deoxyribonucleotides de novo biosynthesis II|g__Eucampia.s__Eucampia_antarctica__49252	3.20383	0.5035	4.22707	5.65359	3.93654	0	0.256946	0	0	2.4187	2.98686	0
PWY-7222: guanosine deoxyribonucleotides de novo biosynthesis II|g__Extubocellulus.s__Extubocellulus_spinifer__265572	0.053763	0.326062	0.0554937	0.912163	0.682075	0.127635	0.33737	0	0	0.0532264	0.121539	0.196131
PWY-7222: guanosine deoxyribonucleotides de novo biosynthesis II|g__Fragilariopsis.s__Fragilariopsis_cylindrus__186039	0	0	0	0	1.81487	0	0	0.0384368	0	0	0	0
PWY-7222: guanosine deoxyribonucleotides de novo biosynthesis II|g__Fragilariopsis.s__Fragilariopsis_kerguelensis__186038	0.324668	0	0	0	1.25654	0	0	0.211175	0	0.622567	0	0
PWY-7222: guanosine deoxyribonucleotides de novo biosynthesis II|g__Geminigera.s__Geminigera_cryophila__46947	0	6.79485	0	0	0	0	0.885675	0.958247	0	0	0	1.05329
PWY-7222: guanosine deoxyribonucleotides de novo biosynthesis II|g__Geminigera.s__unclassified__46946	0	0	0	0	0	0	0.20913	0	0	0	0	0.104769
PWY-7222: guanosine deoxyribonucleotides de novo biosynthesis II|g__Grammatophora.s__Grammatophora_oceanica__210454	0.296584	0	1.68977	0.982457	0	0	0	0	0	0	0	0
PWY-7222: guanosine deoxyribonucleotides de novo biosynthesis II|g__Kryptoperidinium.s__Kryptoperidinium_foliaceum__160619	19.9878	6.42002	24.0367	53.5431	57.1268	7.04999	1.34325	1.59824	0.839988	3.06038	6.41991	28.691
PWY-7222: guanosine deoxyribonucleotides de novo biosynthesis II|g__Leptocylindrus.s__Leptocylindrus_danicus__163516	0	0	0	2.06028	0	0	0	0	0	1.2574	0.135289	0
PWY-7222: guanosine deoxyribonucleotides de novo biosynthesis II|g__Licmophora.s__Licmophora_paradoxa__515479	0.277283	0	7.22587	2.45232	0	0	0.0540664	0	0	0	0	0
PWY-7222: guanosine deoxyribonucleotides de novo biosynthesis II|g__Minutocellus.s__Minutocellus_polymorphus__265543	0.546747	0.337908	0.813991	2.42225	0.0885461	0.13836	1.44834	1.14453	0	0.0547501	0.827993	1.47804
PWY-7222: guanosine deoxyribonucleotides de novo biosynthesis II|g__Paraphysomonas.s__Paraphysomonas_bandaiensis__89770	0	0.154052	0	0	0	0	0.835253	0	0	0	0	0
PWY-7222: guanosine deoxyribonucleotides de novo biosynthesis II|g__Pelagococcus.s__Pelagococcus_subviridis__35679	0	0	8.00459	0	0	0	0	0	0	0	0	0
PWY-7222: guanosine deoxyribonucleotides de novo biosynthesis II|g__Protocruzia.s__Protocruzia_adherens__223996	0	3.34829	1.23707	0	0	0	0	0	0	0	0	0
PWY-7222: guanosine deoxyribonucleotides de novo biosynthesis II|g__Pseudictyota.s__Pseudictyota_dubia__2749911	0.405922	0	0	3.23587	3.22445	0.619362	0.328441	0.637204	0	0	0	0.752207
PWY-7222: guanosine deoxyribonucleotides de novo biosynthesis II|g__Pseudokeronopsis.s__Pseudokeronopsis_sp.__1634380	0	0	0	0	0	0	0	0	0	0	0	1.7004
PWY-7222: guanosine deoxyribonucleotides de novo biosynthesis II|g__Schmidingerella.s__Schmidingerella_taraikaensis__626734	7.18808	2.54097	0	0	3.01748	0	0	0	0	0	0	0
PWY-7222: guanosine deoxyribonucleotides de novo biosynthesis II|g__Stauroneis.s__Stauroneis_constricta__265584	0	0	0	0.278828	0.187097	0	0	0	0	0	0	0
PWY-7222: guanosine deoxyribonucleotides de novo biosynthesis II|g__Stephanopyxis.s__Stephanopyxis_turris__515487	0.518455	0.449161	0.0609561	2.29743	0	0.532102	0	0	0	3.45206	4.45728	5.71132
PWY-7222: guanosine deoxyribonucleotides de novo biosynthesis II|g__Striatella.s__Striatella_unipunctata__210618	0	0	0	0.390701	0	0	0	0	0	0	0	0
PWY-7222: guanosine deoxyribonucleotides de novo biosynthesis II|g__Strombidium.s__Strombidium_rassoulzadegani__1082188	0.0593956	0	0	0.510244	0	0	0.654881	0.902772	0	0	0	0
PWY-7222: guanosine deoxyribonucleotides de novo biosynthesis II|g__Thalassionema.s__Thalassionema_frauenfeldii__186022	0.72442	0	0.0610875	1.77646	0.315588	0	0.247619	0	0	0	0	0
PWY-7222: guanosine deoxyribonucleotides de novo biosynthesis II|g__Thalassionema.s__Thalassionema_nitzschioides__33649	0	0	0	0.112445	0	0	0	0	0	0	0	0
PWY-7222: guanosine deoxyribonucleotides de novo biosynthesis II|g__Thalassiosira.s__Thalassiosira_antarctica__160265	0	0	0	2.54637	0	0	0	0	0	68.2633	68.7811	8.21593
PWY-7222: guanosine deoxyribonucleotides de novo biosynthesis II|g__Thalassiosira.s__Thalassiosira_oceanica__159749	0	0	0	16.9038	0	0	2.37636	0	0	15.83	84.4389	26.3292
PWY-7222: guanosine deoxyribonucleotides de novo biosynthesis II|g__Thalassiosira.s__Thalassiosira_punctigera__265564	0.106539	0.222719	0.768295	8.88934	0.128844	1.16944	0.30548	0.253896	0	16.7721	37.7954	11.2129
PWY-7222: guanosine deoxyribonucleotides de novo biosynthesis II|g__Thalassiosira.s__Thalassiosira_rotula__49265	0.275989	0	0	26.0067	0	0	0.706311	0	0	27.3463	65.8736	2.82115
PWY-7222: guanosine deoxyribonucleotides de novo biosynthesis II|g__Thalassiosira.s__Thalassiosira_sp.__1891026	0	0	0	0	0	0	0	0	0	1.78012	0	0
PWY-7222: guanosine deoxyribonucleotides de novo biosynthesis II|g__Thalassiothrix.s__Thalassiothrix_antarctica__1049557	0	0	0.736115	0.137205	0.332429	0	0	0	0	0	0	0
PWY-7222: guanosine deoxyribonucleotides de novo biosynthesis II|g__Thraustochytrium.s__Thraustochytrium_sp.__145168	0	2.23418	0.774387	0	0	0	0	0	0	0	0	0
PWY-7222: guanosine deoxyribonucleotides de novo biosynthesis II|g__Trieres.s__Trieres_chinensis__1514140	1.15219	0.0608963	0.494205	4.18461	2.01525	0.591902	0	1.09505	0	0	0.302951	0.261204
PWY-7222: guanosine deoxyribonucleotides de novo biosynthesis II|g__Tryblionella.s__Tryblionella_compressa__913974	0	0	0	1.29393	0	0	0	0	0	0	0	0
PWY-7222: guanosine deoxyribonucleotides de novo biosynthesis II|g__unclassified.s__unclassified__200605	2.13599	2.47484	0	0.779546	2.80608	0	0	1.72572	4.08166	0	0	3.46378
PWY-7222: guanosine deoxyribonucleotides de novo biosynthesis II|g__unclassified.s__unclassified__33852	0.409718	0	0	0.13033	1.22665	0	0	0.0605236	0	0	0	0
PWY-7222: guanosine deoxyribonucleotides de novo biosynthesis II|g__unclassified.s__unclassified__41302	0	0	0	0	0	0	9.40685	0	4.67031	0	0	0
PWY-7228: superpathway of guanosine nucleotides de novo biosynthesis I	14.9585	17.8016	0	93.8672	0	0	8.43811	8.44079	0	366.444	441.122	47.5491
PWY-7228: superpathway of guanosine nucleotides de novo biosynthesis I|g__Chaetoceros.s__Chaetoceros_debilis__122233	0	0	0	0	0	0	3.41178	2.94886	0	0	0	0
PWY-7228: superpathway of guanosine nucleotides de novo biosynthesis I|g__Thalassionema.s__Thalassionema_frauenfeldii__186022	0	0	0	0.126842	0	0	0	0	0	0	0	0
PWY-7228: superpathway of guanosine nucleotides de novo biosynthesis I|g__Thalassiosira.s__Thalassiosira_antarctica__160265	0	0	0	3.00141	0	0	0	0	0	93.1086	82.249	11.4008
PWY-7229: superpathway of adenosine nucleotides de novo biosynthesis I	152.619	99.9695	175.121	201.519	153.634	418.953	39.7543	46.6464	5.07183	381.501	470.156	116.609
PWY-7229: superpathway of adenosine nucleotides de novo biosynthesis I|g__Asterionella.s__Asterionella_formosa__210441	0	0	0	0.370887	0	0	0	0	0	0	0	0
PWY-7229: superpathway of adenosine nucleotides de novo biosynthesis I|g__Coscinodiscus.s__Coscinodiscus_wailesii__671091	0	0	0	0.194581	0	0	0	0	0	0	0	0
PWY-7229: superpathway of adenosine nucleotides de novo biosynthesis I|g__Durinskia.s__Durinskia_baltica__400756	2.07105	0.981903	3.22271	2.05535	5.31717	4.92632	0.312397	0.428253	0	0	0	0.836106
PWY-7229: superpathway of adenosine nucleotides de novo biosynthesis I|g__Kryptoperidinium.s__Kryptoperidinium_foliaceum__160619	0.701045	0	0.714141	3.04816	3.13092	0	0.200019	0	0	0	0	1.04505
PWY-7229: superpathway of adenosine nucleotides de novo biosynthesis I|g__Thalassionema.s__Thalassionema_frauenfeldii__186022	0	0	0	0	0.552898	0	0	0	0	0	0	0
PWY-7328: superpathway of UDP-glucose-derived O-antigen building blocks biosynthesis	0	0	0	9.56254	0	0	0	0	0	27.4635	33.6088	20.4299
PWY-7409: phospholipid remodeling (phosphatidylethanolamine, yeast)	0	0	0	0	0	0	7.48265	3.92651	0	0	0	0
PWY-7511: protein ubiquitination	0	0.611094	1.67735	0.294111	0	11.4974	0	0	0	0	0	0
PWY-7511: protein ubiquitination|g__Craspedostauros.s__Craspedostauros_australis__1486917	0	0	0	0.214464	0	0	0	0	0	0	0	0
PWY-7663: gondoate biosynthesis (anaerobic)	0	20.3148	0	5.69013	0	0	0	0	0	0	0	0
PWY-7663: gondoate biosynthesis (anaerobic)|g__Licmophora.s__Licmophora_paradoxa__515479	0	3.67429	0	0	0	0	0	0	0	0	0	0
PWY-7790: UMP biosynthesis II	0	4.23907	0	2.42984	0	0	0	0	0	0	0	0
PWY-7791: UMP biosynthesis III	0	4.23907	0	0	0	0	0	0	0	0	0	0
PWY-7977: L-methionine biosynthesis IV	0	2.19202	0	8.9272	5.48933	0	0	0	0	58.5933	70.9702	42.0797
PWY-7977: L-methionine biosynthesis IV|g__Dactyliosolen.s__Dactyliosolen_fragilissimus__1118495	0	0	0	0	1.08196	0	0	0	0	0	0	0
PWY-8143: L-ascorbate biosynthesis VII (plants, D-galacturonate pathway)	0	0	0	9.56159	0	0	0	0	0	31.3512	25.4296	18.2421
PWY-8178: pentose phosphate pathway (non-oxidative branch) II	483.379	261.729	124.059	404.107	184.961	159.429	26.7423	29.3308	0	452.47	1152.13	574.826
PWY-8178: pentose phosphate pathway (non-oxidative branch) II|g__Alexandrium.s__Alexandrium_margalefii__109239	0	0	6.15277	0	0	0	0	0	0	0	0	0
PWY-8178: pentose phosphate pathway (non-oxidative branch) II|g__Apocalathium.s__Apocalathium_aciculiferum__268820	0	0	0	3.41879	0	0	0	0	0	0	0	0
PWY-8178: pentose phosphate pathway (non-oxidative branch) II|g__Chaetoceros.s__Chaetoceros_debilis__122233	0	0	0	0	0	0	6.03255	3.25432	0	1.54319	6.68762	0
PWY-8178: pentose phosphate pathway (non-oxidative branch) II|g__Corethron.s__Corethron_hystrix__216773	0	0.689894	2.64846	0	0	0	0	0	0	0	0	0
PWY-8178: pentose phosphate pathway (non-oxidative branch) II|g__Dactyliosolen.s__Dactyliosolen_fragilissimus__1118495	0	0	0	0	0	0	0	0.375332	0	0.643549	0	0
PWY-8178: pentose phosphate pathway (non-oxidative branch) II|g__Ditylum.s__Ditylum_brightwellii__49249	0	0.274943	0	0	0	0	0	0	0	0.142029	2.09375	0
PWY-8178: pentose phosphate pathway (non-oxidative branch) II|g__Eucampia.s__Eucampia_antarctica__49252	0	0	0	2.37872	0	0	0	0	0	0	0	0
PWY-8178: pentose phosphate pathway (non-oxidative branch) II|g__Pseudictyota.s__Pseudictyota_dubia__2749911	0	0	0	0	0	0	0.0775168	0	0	0	0	0
PWY-8178: pentose phosphate pathway (non-oxidative branch) II|g__Stephanopyxis.s__Stephanopyxis_turris__515487	0	0	0	0	0	0	0.213352	0.425685	0	2.10076	8.6297	5.79253
PWY-8178: pentose phosphate pathway (non-oxidative branch) II|g__Thalassiosira.s__Thalassiosira_sp.__1891026	0	0	0	0	0.388141	0	0	0	0	0	0	16.015
PWY-8187: L-arginine degradation XIII (reductive Stickland reaction)	0	9.83816	19.1638	36.8662	25.4727	94.0794	6.00629	0	0	21.8041	0	27.9571
PWY-8187: L-arginine degradation XIII (reductive Stickland reaction)|g__Karenia.s__Karenia_brevis__156230	0	0	0	0	1.92662	0	0	0	0	0	0	0
PWY-I9: L-cysteine biosynthesis VI (from L-methionine)	0	0	28.9253	0	0	0	0	0	0	0	0	0
PWY0-1061: superpathway of L-alanine biosynthesis	0	0	0	0	0	0	0	0	0	4.5365	0	17.9843
PWY0-1296: purine ribonucleosides degradation	0	0	0	7.85194	0	0	7.19083	12.1869	0	25.6995	0	0
PWY0-1319: CDP-diacylglycerol biosynthesis II	0	26.0833	0	0	15.7441	0	3.95207	0	0	0	0	0
PWY0-162: superpathway of pyrimidine ribonucleotides de novo biosynthesis	0	6.27458	4.73744	3.59471	0	0	0	0	0	0	0	0
PWY1ZNC-1: assimilatory sulfate reduction IV	101.183	40.8485	60.69	20.7752	29.3624	9.58133	14.8887	11.3251	0	219.308	106.354	27.125
PWY1ZNC-1: assimilatory sulfate reduction IV|g__Chaetoceros.s__Chaetoceros_cf._neogracilis__1048532	37.6614	8.89972	14.2672	2.48238	3.85445	0.156045	1.47804	0.982382	0	41.4412	20.7341	3.58761
PWY1ZNC-1: assimilatory sulfate reduction IV|g__Chaetoceros.s__Chaetoceros_debilis__122233	9.83837	1.79868	3.7824	1.21191	3.10021	0	4.80849	1.2951	0	1.03788	4.79454	1.83204
PWY1ZNC-1: assimilatory sulfate reduction IV|g__Eucampia.s__Eucampia_antarctica__49252	0	0	0	0.160288	0	0	0	0	0	0	0	0
PWY490-3: nitrate reduction VI (assimilatory)	0	0	0	9.30605	0	0	0	0	0	0	0	0
PWY490-3: nitrate reduction VI (assimilatory)|g__Thalassiosira.s__Thalassiosira_sp.__1891026	0	0	0	1.98629	0	0	0	0	0	0	0	0
PWY66-201: nicotine degradation IV	0	0	0	4.21928	0	0	0	0	0	0	0	0
PWY66-389: phytol degradation	0	0	0	13.38	0	10.474	0	0	0	0	0	0
PWY66-391: fatty acid &beta;-oxidation VI (mammalian peroxisome)	57.5994	47.5009	79.2155	38.5298	37.7623	0	0	0	0	0	0	0
PWY66-409: superpathway of purine nucleotide salvage	0	0	0	0	0	0	9.622	11.9775	0	11.2479	0	0
PWY6666-2: dopamine degradation	0	0	0	11.2885	19.2108	0	0	0	0	0	0	0
PWY6666-2: dopamine degradation|g__Daphnia.s__Daphnia_pulex__6669	0	0	0	11.2885	19.2108	0	0	0	0	0	0	0
SALVADEHYPOX-PWY: adenosine nucleotides degradation II	0	0	0	0	0	0	6.32803	0	0	7.78393	5.10664	0
SER-GLYSYN-PWY: superpathway of L-serine and glycine biosynthesis I	81.2789	33.0975	34.1046	101.438	67.1192	21.5794	51.5265	33.1859	0	72.6701	78.4124	75.6906
SER-GLYSYN-PWY: superpathway of L-serine and glycine biosynthesis I|g__Asterionella.s__Asterionella_formosa__210441	0	0	0.399764	1.29729	0	0	0	0	0	0	0	0.956688
SER-GLYSYN-PWY: superpathway of L-serine and glycine biosynthesis I|g__Astrosyne.s__Astrosyne_radiata__1158023	0	0	0	0	0	0	0	0	0	0	0	0.501447
SER-GLYSYN-PWY: superpathway of L-serine and glycine biosynthesis I|g__Aulacoseira.s__Aulacoseira_subarctica__202472	0	0	0	1.16758	0	0	0	0.0680786	0	0.283018	0	0
SER-GLYSYN-PWY: superpathway of L-serine and glycine biosynthesis I|g__Chaetoceros.s__Chaetoceros_debilis__122233	38.0708	5.83061	6.52718	2.2315	1.53938	0	13.8217	7.45914	0	5.88556	10.9589	11.0636
SER-GLYSYN-PWY: superpathway of L-serine and glycine biosynthesis I|g__Chaetoceros.s__Chaetoceros_dichaeta__420782	0.412732	0.809553	0.569587	1.195	1.82272	0.780836	1.26782	3.66288	0	0	1.31727	1.47182
SER-GLYSYN-PWY: superpathway of L-serine and glycine biosynthesis I|g__Coscinodiscus.s__Coscinodiscus_wailesii__671091	0	0	0	1.61757	0.46152	0	0	0	0	0	0	0
SER-GLYSYN-PWY: superpathway of L-serine and glycine biosynthesis I|g__Cyclophora.s__Cyclophora_tenuis__216820	0	0	0	0.561856	0	0	0	0	0	0	0	0
SER-GLYSYN-PWY: superpathway of L-serine and glycine biosynthesis I|g__Dactyliosolen.s__Dactyliosolen_fragilissimus__1118495	0	0	0	0.382909	0	0	0	0.245949	0	0	0	0.354486
SER-GLYSYN-PWY: superpathway of L-serine and glycine biosynthesis I|g__Durinskia.s__Durinskia_baltica__400756	0	0	0	1.4729	0	0	0	0	0	0	0	0
SER-GLYSYN-PWY: superpathway of L-serine and glycine biosynthesis I|g__Eucampia.s__Eucampia_antarctica__49252	0	0	1.56135	5.41075	0	0	0	0	0	0	0	0
SER-GLYSYN-PWY: superpathway of L-serine and glycine biosynthesis I|g__Grammatophora.s__Grammatophora_oceanica__210454	0	0	1.64532	0.886379	0	0	0.25776	0	0	0	0	1.35652
SER-GLYSYN-PWY: superpathway of L-serine and glycine biosynthesis I|g__Kryptoperidinium.s__Kryptoperidinium_foliaceum__160619	3.29703	0.451642	1.44521	1.79413	2.4001	0	0	0	0	0	0	0
SER-GLYSYN-PWY: superpathway of L-serine and glycine biosynthesis I|g__Nitzschia.s__Nitzschia_putrida__2742595	0	0	0	0	0	0	0	0.232139	0	0	0	0
SER-GLYSYN-PWY: superpathway of L-serine and glycine biosynthesis I|g__Striatella.s__Striatella_unipunctata__210618	0	0.0669178	0.684975	0.278388	0	0	0.0155075	0	0	0	0	0
SER-GLYSYN-PWY: superpathway of L-serine and glycine biosynthesis I|g__Thalassionema.s__Thalassionema_frauenfeldii__186022	0	0	0	0.796271	0	0	0	0	0	0	0	0
SER-GLYSYN-PWY: superpathway of L-serine and glycine biosynthesis I|g__Thalassiothrix.s__Thalassiothrix_antarctica__1049557	0	0	0	0.311091	0.987032	0	0.0758683	0	0	0	0	0
SO4ASSIM-PWY: assimilatory sulfate reduction I	10.0981	0	0	9.0201	22.9378	0	0	0	0	0	0	0
SO4ASSIM-PWY: assimilatory sulfate reduction I|g__Kryptoperidinium.s__Kryptoperidinium_foliaceum__160619	0	0	0	2.61635	0	0	0	0	0	0	0	0
THRESYN-PWY: superpathway of L-threonine biosynthesis	0	3.14687	0	12.3521	6.7148	0	0	0	0	76.6817	81.6673	56.5508
THRESYN-PWY: superpathway of L-threonine biosynthesis|g__Thalassiosira.s__Thalassiosira_sp.__1891026	0	0	0	1.98604	0	0	0	0	0	1.78589	0	0.135346
TRNA-CHARGING-PWY: tRNA charging	0	0	0	0	0	0	0	0	0	0	0	20.0105
VALSYN-PWY: L-valine biosynthesis	3.85412	6.88935	15.8331	16.6669	27.3892	0	4.07872	0	0	66.4331	27.0493	26.1244
